state,iret,ok,output
12345672121232,10262116,True,11 R B D2 B R D' B D' B' R2 B2 PASS
12345672123212,9845549,True,11 R B R' B2 D' R B2 R D' R' D2 PASS
12345672321212,10331184,True,11 R B D' R2 B' R B2 R B' R' D2 PASS
12345673131323,9975272,True,11 R B R2 D B' D2 B' R B' R D2 PASS
12345673132313,11810944,True,11 R B' D2 B' R' B D' R D' R2 D2 PASS
12345673231313,11472079,True,11 R B' R2 B' R' D B' R D' R2 D2 PASS
12345761111111,6846155,True,11 R B R' D2 B' D R' D' B D2 B PASS
12346571111231,5095379,True,11 R B R' B2 R' B' D' R D2 B D' PASS
12346751113133,7079602,True,11 R B2 D R' D B D' R2 B2 D R PASS
12347561112212,6489424,True,11 R B D' R D R2 D2 B' R' B D2 PASS
12347651111111,10706214,True,11 R2 B' R B D B2 D B' D' R D' PASS
12347651122112,6645827,True,11 R B' D R2 B R2 B' D B' D2 B2 PASS
12347651133311,6053365,True,11 R B2 R B R' B D2 B' R2 D R2 PASS
12347652111221,5458750,True,11 R B R2 B' R D' B2 R2 D' B' R2 PASS
12347652123233,6450975,True,11 R B2 R' D2 R B' R' D R2 B D2 PASS
12347652123332,7955018,True,11 R D2 R' D2 R B' D' R D2 B D2 PASS
12347652223232,6019468,True,11 R B2 R2 B D R' B' D B' R' B PASS
12347653111133,6419440,True,11 R B2 R2 D B D2 B D' R' D2 B PASS
12347653132223,5498486,True,11 R B R D' B2 D R' D' R2 D2 B2 PASS
12347653132322,5374542,True,11 R B R D B2 R2 D2 R D2 R' B PASS
12347653332323,6055535,True,11 R B2 R2 D2 B' D B' R B2 R' B PASS
12354671111111,7564866,True,11 R B' R2 D' B R' B' D R2 D B PASS
12354761112323,10027336,True,11 R2 B R' D R B2 D' R D R2 D' PASS
12354762121112,7141163,True,11 R B2 R' D R2 D R B' R' D R2 PASS
12354762121211,7763165,True,11 R B' D R' D2 R D2 B D' B2 D PASS
12354762311123,5842610,True,11 R B D B D2 R' D B' R' B2 R2 PASS
12354763131131,6506541,True,11 R B2 R B2 R2 D R' D R2 D R2 PASS
12354763133111,5910330,True,11 R B R B2 D2 B' D' R2 D' R2 D2 PASS
12354763211123,6922470,True,11 R B2 D' B R' D R2 D R D' R2 PASS
12356471113133,6258097,True,11 R B R2 D2 B' D B D' B D2 R PASS
12356741133131,8544424,True,11 R B R2 B D2 B' R B2 D' B2 D PASS
12356741313131,8883951,True,11 R B R2 D B' D2 R2 D R' B' R2 PASS
12356743113131,8944821,True,11 R B D2 B' R2 B D' B2 D' B R2 PASS
12357461111222,6856802,True,11 R B' R2 D B2 D' B2 D' R' D R2 PASS
12357461113331,6596463,True,11 R B2 D2 R D2 R D' R' B' D2 B' PASS
12357462211112,6794832,True,11 R B' R B R2 B2 D2 R' D' R D2 PASS
12357641113331,6393731,True,11 R B R2 B2 D B' D2 R D B2 R2 PASS
12364571112212,7132175,True,11 R B2 D2 R D2 R D' R' B' D2 B2 PASS
12364751112212,6113593,True,11 R B D2 B D' R D' R' D2 B R' PASS
12364751113133,6431062,True,11 R B2 R' D R2 B' R D R D' B' PASS
12364753311131,6170439,True,11 R B D2 R' B R B2 R D' B' R PASS
12365471111111,7536826,True,11 R B' R2 B' D' B' D R2 B R' D PASS
12365471211122,6403514,True,11 R B2 D B' D2 R' D R D' R D PASS
12365471313113,5309178,True,11 R B R D2 B' R2 B D2 B2 R' B PASS
12365472223232,5936157,True,11 R B2 R D' B R D2 B2 D R D2 PASS
12365472321233,6857892,True,11 R B' D2 B' D B2 R2 D R' D2 B PASS
12365473232312,5402470,True,11 R B D B D2 R D2 R B' R2 D2 PASS
12365473332323,5418433,True,11 R B R2 B' R D B2 R' D' B D' PASS
12365741113331,6471562,True,11 R B D' B R D2 R2 D' R' B2 D PASS
12367451123333,9604531,True,11 R B2 R2 B R D' R D' R D' R2 PASS
12367451132222,8772135,True,11 R B D B2 R2 B' R B' D' B2 R PASS
12367451213333,9333660,True,11 R B2 R2 B' R B' D R' D B D2 PASS
12367451312222,11394123,True,11 R D2 R2 D B' D R' D B' D R2 PASS
12367452113333,10304478,True,11 R B' D B2 D2 R' D R' B' R B2 PASS
12367453112222,9304283,True,11 R B2 R2 B' R2 D' R B2 R2 B' D' PASS
12367541112212,8006929,True,11 R B' D' R2 D B' R2 D B2 D' B2 PASS
12367541113331,9172459,True,11 R D2 B D2 B' D R' D R' B' R PASS
12367541331131,5872773,True,11 R B R2 D2 B' D R' D B D' B' PASS
12374561121212,8901291,True,11 R B R2 B R2 D' R B D2 B R2 PASS
12374561211212,8776110,True,11 R B R' B R' B2 D R' D B D2 PASS
12374562111212,10405919,True,11 R B' D B2 D2 R' D R' B' R B PASS
12374651111222,7177974,True,11 R B2 D B' D' B2 R B2 R B2 R2 PASS
12375461111222,6918029,True,11 R B2 R' D R2 B' R D R D' B2 PASS
12375641113112,6556081,True,11 R D R' B2 R' D' R' D B2 R D' PASS
12376451111222,7287547,True,11 R B' D R D' B D' R2 B R D2 PASS
12376451113133,6957123,True,11 R B2 D B2 D' B R' D B' D' R PASS
12376451221211,6008734,True,11 R B D2 R' D R' B2 R' B2 D' R2 PASS
12376541112323,7244152,True,11 R B2 R' B' D R2 B' R' D B' D2 PASS
12376541232233,8602592,True,11 R D' B' R2 B' D' R2 D B R2 D' PASS
12376541322233,5965586,True,11 R B D' B2 R D' B' R' D2 R2 B PASS
12376542121232,6629747,True,11 R B2 R B D2 R' B2 D B R B' PASS
12376542123212,6114076,True,11 R B R D' R2 B D' R2 B2 D B' PASS
12376543133132,5361523,True,11 R B R D' B2 D R' D' R2 D2 B' PASS
12376543133231,5329438,True,11 R B R D B2 R2 D2 R D2 R' B2 PASS
12456731132321,9709205,True,11 R2 D R' B2 R' B' R' D R2 B D' PASS
12456731233223,5761409,True,11 R B' R B' D R2 D2 B2 D' B D PASS
12456733223321,5798130,True,11 R B' R D' R' D R D2 B' D' B PASS
12463751231231,6157353,True,11 R B2 R B2 R2 D R' D' R D' R PASS
12467351131121,6127127,True,11 R B' D2 R' B R B D2 B R' B PASS
12467351231321,5305917,True,11 R B D B2 R' B R' B D' R2 B PASS
12473561132123,5834645,True,11 R B' R D R' D2 R' D' B' D B' PASS
12536741112323,6246397,True,11 R B R D2 R D' B' D' B2 D2 R PASS
12537461332112,5876934,True,11 R B D2 R D' R D2 R2 B' R' D PASS
12543671111111,7744337,True,11 R B' R D R' D2 R' D' B' D B2 PASS
12543671211212,6068233,True,11 R B2 D R' D2 B' R B D' R B PASS
12543671331113,5564561,True,11 R B D R2 B' R2 B D2 B2 R' D PASS
12543672121121,5681287,True,11 R B D2 R2 D B2 D' B R B2 D' PASS
12543672321332,5873363,True,11 R B2 R' B R' D B2 R' D' B R' PASS
12543672322232,5688581,True,11 R B D R' D2 R D' B D' R2 B' PASS
12543672331232,5394081,True,11 R B R2 B D' R B2 R D2 B D2 PASS
12543673111331,5546606,True,11 R B D R' D R2 D' B2 R B' R PASS
12543673221323,5813036,True,11 R B2 R D2 R2 B' D R D' R2 D PASS
12543673231223,5564221,True,11 R B D B2 R' D' B R' B D2 R PASS
12543673233323,7066902,True,11 R D R' D B R B' R2 B D' B2 PASS
12546371221331,5828469,True,11 R B2 D2 R B2 R D' R' D' B2 D2 PASS
12563472131213,7228740,True,11 R B' R2 B' R' D2 R B R2 D' B' PASS
12563473131212,6778372,True,11 R B2 R' B R' B2 R D2 B' R D' PASS
12564733323122,5583955,True,11 R B R B D' B2 R2 B' D2 R' B PASS
12567433232333,5765122,True,11 R B R' B' R D2 R' B D R B2 PASS
12576343212221,7145308,True,11 R B2 R' B R' D R2 D2 B2 R' D' PASS
12637451132111,6834224,True,11 R D R' D2 R B' D B R2 D2 B2 PASS
12637451332112,5132322,True,11 R B R2 B R B2 D' R2 B R D2 PASS
12643571321321,5668945,True,11 R B D2 R2 B' D B R' B D2 R PASS
12645371131121,6338342,True,11 R B' D2 R' B R B D2 B R' B' PASS
12673542331133,7840189,True,11 R D R' D R' D B' R2 B R2 D' PASS
12734561112323,6212685,True,11 R B R D2 R D' B' D R' B2 D2 PASS
12734561322233,5500331,True,11 R B R2 D' R2 B D' R' D B' R2 PASS
12734562313223,5273775,True,11 R B R B R D2 B D' B D2 R2 PASS
12745631111111,18383781,True,11 B R' B R B' D2 B' R' B' R D2 PASS
12745632111122,6053324,True,11 R B D2 B R2 B' R2 B R' D' R2 PASS
12745632212213,7145640,True,11 R B' D2 B R' B2 D B R D' B PASS
12745632222221,5808563,True,11 R B D2 B' R' B2 R' B D R2 B2 PASS
12745632232211,6906375,True,11 R B' R2 B R' B2 D B D R' B PASS
12745633131131,6480085,True,11 R B2 D' B' D B2 D R B2 D2 B PASS
12745633313312,5673665,True,11 R B2 R B R2 B2 D B' D B2 D' PASS
12745633313333,6033517,True,11 R B D' R' B R' D' B D2 R' D2 PASS
12745633323311,5746408,True,11 R B2 R D B2 D2 R B' D R2 D' PASS
12753462231323,6495092,True,11 R B R2 B2 D R' D2 B R D2 B2 PASS
12763452322232,5843718,True,11 R B D R' D2 R D' B D' R2 B PASS
12765432121313,6596728,True,11 R B D2 B2 D' B' D2 R B2 R' D2 PASS
12765432222212,9985758,True,11 R D' B2 D' B D R D2 R2 D R PASS
12765433121213,7483449,True,11 R B' R D' B2 R2 D R B' D B2 PASS
12765433331333,6833814,True,11 R B D2 B2 D' B' R2 D B2 D' R2 PASS
13245671321111,6610986,True,11 R D R' B D2 R D' R' B' D2 B' PASS
13246571111111,8291276,True,11 R B2 R' B' R D2 B' R' B D' B2 PASS
13246571112233,5621063,True,11 R B R' B2 D B' D' R' B2 R2 D PASS
13246571113232,8705725,True,11 R D' B' D2 R D R2 D' B' R2 B' PASS
13246572321332,6598400,True,11 R B2 D R2 D R D B R2 B R' PASS
13246572331232,5958920,True,11 R B R2 B D' R B2 R D2 B D PASS
13246573221233,6167223,True,11 R B2 R B R' B R B D2 R B2 PASS
13246573321223,6285315,True,11 R B2 R B' R2 D B D2 R' D' R PASS
13246752133211,7686430,True,11 R B2 D' B2 R D' B D' B R' D PASS
13247563212131,6849447,True,11 R B R' B2 D2 B' D' B D' R D' PASS
13254761322233,6501940,True,11 R B' R' D2 B D' R' B D' R2 D' PASS
13254761323322,5592212,True,11 R B2 R B R2 B2 R' D R2 B' D' PASS
13254762321233,7712979,True,11 R D B2 D' R' B2 D B' D R B' PASS
13254763323122,6618965,True,11 R D R' B' D' B' R2 D R' D2 R PASS
13257641112233,5688379,True,11 R B R2 D2 B2 D' R' D' R B2 D' PASS
13265741112323,9349069,True,11 R D R2 D' B2 R2 D R B' D B2 PASS
13265742131312,8015897,True,11 R D R B2 D2 R B' D R' B D' PASS
13267451122211,6959152,True,11 R B' R2 D B2 D' B' D2 R2 B R' PASS
13267451311133,5838029,True,11 R B R D2 R D' B' D' R2 B R PASS
13267541111132,7468485,True,11 R B2 R2 D' R B' R2 B' R' D R' PASS
13267541232212,6817512,True,11 R B R D' B R' D B2 D R D PASS
13274651112323,8247067,True,11 R B2 D' B2 D' R D' R2 B2 D' R PASS
13275461112233,6256520,True,11 R B2 R' B2 D2 R' D B R' B2 R PASS
13275463213211,6186829,True,11 R B2 R2 D2 B' R' D R' D2 R B' PASS
13275641112233,7578354,True,11 R B2 R' B D' R B' R B' R2 B2 PASS
13275641112323,9372039,True,11 R B2 R' B R' B R' B D' R2 D2 PASS
13275642131333,7145450,True,11 R B D R' B2 D' R B' D B' D' PASS
13275643212221,7651265,True,11 R B2 R2 B' R B2 D' B2 D R2 B' PASS
13276451113211,8235094,True,11 R B' R2 B' R D R2 D R' D2 R' PASS
13276451233133,8193838,True,11 R B' R B R' B2 D2 B R' B2 R' PASS
13276541133122,6055648,True,11 R B' R2 D B D2 B R2 B R' B2 PASS
13276541213312,8142495,True,11 R2 B D' R2 B' D R B' D R2 B2 PASS
13276541321123,6076427,True,11 R B' D2 R B R2 B D2 B R' D2 PASS
13276541322311,7827491,True,11 R2 B R2 B' D B R2 B2 R B D' PASS
13276541323112,5114804,True,11 R B R2 D' B D' B R B R' B2 PASS
13276541323322,5335921,True,11 R B D2 R' B D' R D B R' D2 PASS
13276542323312,6082611,True,11 R B2 R' D' R' D B2 R' D2 R B2 PASS
13276543323122,5886786,True,11 R B' R B' R B2 D' B' D B2 D' PASS
13462571111111,6524082,True,11 R B D R2 D R' B' D' B2 D2 R PASS
13462572213311,5452848,True,11 R B R2 D B' D2 B' D' R D2 B' PASS
13527461211113,6512010,True,11 R B' D' B D2 R' B D R D' R2 PASS
13542671231231,5229629,True,11 R B R' B R D2 R2 D' R' D2 B PASS
13546271213213,5840813,True,11 R B D2 R2 B' D R' B D B' D' PASS
13546271231231,7545821,True,11 R D2 B R2 B' D R' B R' B' R PASS
13546271321321,6481104,True,11 R B' R' B2 R D' R2 B D2 B' D2 PASS
13572641122133,8286143,True,11 R D R2 D' R2 B2 D R D' B D2 PASS
13576241312213,8099606,True,11 R B2 R2 D' B D' B2 D' R' D R' PASS
13576241321321,6533276,True,11 R B R' D B R' B2 D R' B D' PASS
13627451332112,5808256,True,11 R B R' B' D' B D2 B' D R' B' PASS
13642571221223,7763979,True,11 R B R2 D B R2 B2 D' R' D' B2 PASS
13642571223221,7748619,True,11 R B R2 B2 R' B2 D' R' D2 R' B' PASS
13642573221221,8784925,True,11 R B' R D2 R' D R' D R D' B2 PASS
13645271221331,5420882,True,11 R B D2 B2 R D' B2 R B D2 R2 PASS
13647521111111,6289958,True,11 R B R D B2 D R' B' R' B2 R2 PASS
13675241112323,6914622,True,11 R B D2 R2 B2 R' B' D' R D2 B' PASS
13675242331313,6241960,True,11 R B2 R' D R D R' B2 D B' R' PASS
13725642332132,6412095,True,11 R D B2 R' D2 R' B R' D2 B2 D PASS
13754262123323,12430645,True,11 R2 B' D' R B' D R2 D R' D R2 PASS
13762451321321,5438514,True,11 R B R2 B2 R B2 D R2 D2 B D' PASS
13764251211311,4968448,True,11 R B R B' D2 R' B R' B' R B2 PASS
13764252323231,5749216,True,11 R B D2 B D' R B' R B2 D' B PASS
13765422121211,7725460,True,11 R B D B2 D R D B2 R' D R PASS
14263751131121,5802922,True,11 R B' R D B2 R' D B' D B' R2 PASS
14267351321321,5905388,True,11 R B D2 R2 B2 R' D B' D' R B PASS
14275633323122,6261793,True,11 R D R2 B' D2 B' R D' B2 R2 B PASS
14325671111111,21349093,True,11 B2 R' B R D B2 D R' B' R D' PASS
14325672112121,5675849,True,11 R B D2 B D2 B' D2 B R' B' R2 PASS
14325672231323,5869194,True,11 R B D' R D' B2 D' B R D B2 PASS
14325672323222,5730127,True,11 R B D2 B2 R D B' R D2 R B2 PASS
14325673123232,5860238,True,11 R B2 R' D R' B2 D2 B R' D B2 PASS
14325673232333,5495646,True,11 R B R2 B2 R' D' R2 B R B2 D' PASS
14325673311131,6662032,True,11 R B2 D' R' D B2 D B D2 R2 D PASS
14327652131213,6400697,True,11 R B D2 R' D' B2 D R D2 R D' PASS
14327653121213,6814589,True,11 R B2 R' D2 B D B2 D2 B' R' D2 PASS
14352672212111,6124641,True,11 R B R2 B' D2 R B' D2 B R D' PASS
14356721112323,6337016,True,11 R B D B2 D B' D' R' B2 R2 D PASS
14356721322233,7438961,True,11 R D B' R' D B2 D R D2 R2 B' PASS
14367252322232,5882293,True,11 R B D2 B' R B2 R D2 R2 B' R' PASS
14367523311113,10366043,True,11 R D' R' B' R B' R' D2 R' D' B PASS
14523672121313,6588840,True,11 R B D2 B2 D' B' D2 R B2 R' B2 PASS
14523673121312,7949150,True,11 R B' D' B D2 B2 D B' D' R D2 PASS
14527631121311,6084703,True,11 R B2 R2 D2 B' R D' R D2 R' B PASS
14527631131211,5861550,True,11 R B D2 R' D' B R' D2 B R B PASS
14527631133311,5658441,True,11 R B R B D2 R2 B2 R B2 R' B PASS
14527631211131,6406857,True,11 R B' R B R2 D' B' D B2 D' R' PASS
14527631311121,6316539,True,11 R B2 D2 R2 D' R' D R' B2 R B PASS
14527632122213,6372441,True,11 R B2 D2 B D R2 D R D2 R' B PASS
14527632212111,6480203,True,11 R B2 D2 B R2 B R' D B2 D' R PASS
14527632333332,7634589,True,11 R D2 R' D2 R D' B' R D2 B R2 PASS
14527633132322,5921706,True,11 R B2 R D R' B D2 B' D2 R D2 PASS
14527633312133,6096390,True,11 R B D' B2 R2 D R' B' R B' D PASS
14536273311311,6840077,True,11 R B D2 B2 R D' B' D B2 R B PASS
14537622231323,6033526,True,11 R B R2 B2 D R' D2 B R B2 D2 PASS
14563272323222,5551544,True,11 R B R B' D2 B D' R' B D' R2 PASS
14567231312213,8091367,True,11 R D R' D' B D2 B D' R' B R PASS
14567231321123,6937920,True,11 R D R' B' D B2 D B' R' B R PASS
14573261333111,6599808,True,11 R B D2 R D' B R2 B2 D' R' B PASS
14625731111111,8195064,True,11 R B' D R' B2 R D2 B' D R D PASS
14625731131121,6547659,True,11 R B' D' B' D R2 B' R2 B R' D PASS
14625731322233,5904395,True,11 R B2 R2 B' D R B' D2 R2 B' R PASS
14625732112121,6196972,True,11 R B2 R' B D' B2 R2 D' R' B2 D' PASS
14625732113321,6904333,True,11 R B' R D' R2 D B' D B D2 R' PASS
14625732213323,5824141,True,11 R B R2 B D R' D2 R' D2 R' B2 PASS
14625732233111,6409334,True,11 R B2 R D' B R D2 B' D R B PASS
14625733133111,5779319,True,11 R B D B' R D2 R' B2 D B' R PASS
14632571111111,10056114,True,11 R2 B R' B2 R' D' B' R D2 B R' PASS
14632571321132,5959003,True,11 R B' R B' R' D B R2 D' B' D PASS
14652733321331,6469103,True,11 R B R B D2 R D' B2 R2 D' R PASS
14673251111111,7996379,True,11 R B' D' R D2 B' D B R B' R2 PASS
14723651111213,5809766,True,11 R B D B' R2 B D' B D' B2 R' PASS
14723651111312,7388477,True,11 R D B D' R2 D R' D B' D2 R' PASS
14723651112131,5857035,True,11 R B D2 B' D B R2 D' B' D R' PASS
14723651113121,5611707,True,11 R B R2 D' R' B R' D2 B R D' PASS
14723651211212,5351744,True,11 R B R2 B R' D B2 D B2 R D2 PASS
14723652322121,4997817,True,11 R B R2 D' R2 D B R2 D' R2 B' PASS
14723652331232,6150885,True,11 R B2 D B' R2 D' R B D' B R PASS
14723653232222,5588482,True,11 R B D R2 B' D' R D' R D2 B PASS
14723653313111,5787367,True,11 R B R2 D2 B' R2 B R' D' R B2 PASS
14723653321313,7096625,True,11 R D B' D2 R D B2 D R2 D2 B PASS
14725361111111,6634980,True,11 R B R B' D R' D B2 D2 B D' PASS
14725361111123,5810020,True,11 R B D R2 D2 R D B' D R' D' PASS
14725361322332,6243796,True,11 R B2 D2 R' D' R D' R2 B R' D2 PASS
14725362211121,7221174,True,11 R B' D2 B D R2 B2 D2 R B' D' PASS
14725363211213,5638074,True,11 R B R2 D' R' D R D2 B2 R2 D' PASS
14725363213121,5462428,True,11 R B R B2 D2 B' R' B' R D2 R2 PASS
14725363223213,5753039,True,11 R B D' R B2 D' R' B R' D2 B' PASS
14725363311113,7351028,True,11 R B' D R2 B' R2 B D' R B R PASS
14726531223122,6405503,True,11 R B' D2 R2 B' D B' R2 D B' R2 PASS
14726531232122,6410707,True,11 R B' R2 D2 B' R D' B2 R D' R2 PASS
14726531233313,5710336,True,11 R B D2 R' B D2 R D' B' D' B PASS
14726531333312,5318515,True,11 R B R2 D' B D2 R B' D' B' D PASS
14726532232313,6592414,True,11 R B2 D B D2 R2 B D' B D2 B' PASS
14726533323122,5592788,True,11 R B2 R B' R B2 R2 D B D2 B' PASS
14735621221112,5766086,True,11 R B R' D' B R' B' D B' D R' PASS
14735621223113,5328776,True,11 R B R' B' R D' B' D R' D R' PASS
14735621223332,8429916,True,11 R2 B D' B2 R' D R D' B R2 D2 PASS
14735621233112,7095944,True,11 R D B2 R' B R' D R B R' D2 PASS
14735621323112,6752520,True,11 R D R2 B' R D' B R D R' B2 PASS
14735621332112,5233769,True,11 R B R D2 R D2 R' B2 D B R2 PASS
14735621333111,5572269,True,11 R B R B2 R D2 R' D2 B D R2 PASS
14735621333222,5229869,True,11 R B R2 B D2 R B D' B D' B' PASS
14736251111132,6243223,True,11 R B2 R D R2 B2 R' D' B2 D R' PASS
14736251112332,5749912,True,11 R B R D2 B2 R B' D' B D2 R2 PASS
14736253222223,5822132,True,11 R B R' D' B D' B D2 R' D' B2 PASS
14736521132222,6313733,True,11 R B2 R D R' B R D B2 R B2 PASS
14736521133131,6219107,True,11 R B D B D2 R2 B2 R B2 R' D2 PASS
14736521211212,5962066,True,11 R B R2 B R' D B2 D B2 R D PASS
14736521213333,6116553,True,11 R B2 R D R2 B' R2 D R B D' PASS
14736521221313,6323026,True,11 R B2 D' R D2 R2 D' B D2 R' D2 PASS
14736521321231,8546334,True,11 R D' R' D2 R' D' B2 D R D2 B' PASS
14736521322233,5703506,True,11 R B R' D2 B D' R' B' R2 B2 D PASS
14736521332121,7184677,True,11 R D R' D2 R' B R B D2 B2 D PASS
14736523112222,6347116,True,11 R B2 R D' R2 B R D2 B' D' R PASS
14736523113131,5976736,True,11 R B R2 B' R D2 R' D R B2 D' PASS
14752363222121,5500843,True,11 R B R2 B R2 B D' B' D R2 D PASS
14752363232222,7071271,True,11 R B' R D R B' R2 B' R2 B' D2 PASS
14752363233131,6302021,True,11 R B2 R D2 R2 B R' B R2 B R2 PASS
14752631111111,7778482,True,11 R B' R' D' R D2 B' D2 B R' B PASS
14752631112311,6477896,True,11 R B' R B' D2 B D2 R' D R B PASS
14752631323223,5745913,True,11 R B2 R2 B' R D B' D2 R2 B' R PASS
14752632332132,5558182,True,11 R B2 R2 B' D2 B R D' R2 B D' PASS
14752633213223,5660541,True,11 R B2 R2 D2 B R' D' R D' B D2 PASS
14752633222223,6024219,True,11 R B2 R D' B2 D' R2 B D2 B' R PASS
14752633223123,5843509,True,11 R B2 D2 R2 B' R B' R D2 B' D PASS
14752633223231,6342937,True,11 R D R B' D R' B' D2 R2 B' D PASS
14753261221112,5714892,True,11 R B R2 D R' D R2 D2 B' R' B2 PASS
14753261323112,7107703,True,11 R D2 R D B2 D2 B' D B2 R' B' PASS
14753261333111,5730133,True,11 R B R2 D' R' D' R' B R' D2 R PASS
14762351221331,6586703,True,11 R D R2 D' R' B2 D B' R B D' PASS
14762351321231,7048237,True,11 R B' D' R2 B D' B' D B' R2 B' PASS
14762351331221,5404408,True,11 R B2 R B' R2 D2 R' B R D2 R PASS
14763251221223,10189814,True,11 R D R' D' B R D2 R2 B2 R D' PASS
14763251222312,9462869,True,11 R B' R' B2 D' R B' R2 D2 R' D PASS
14763251332331,8936319,True,11 R B2 R2 B' R' D B' D R' B D2 PASS
14763251333123,8443339,True,11 R B D2 R2 B2 D R D' B D' R' PASS
14763252322121,8193993,True,11 R B R' B' R B2 D' R B' R' D PASS
14763253132232,8046351,True,11 R B R B' R2 D2 R' D' B D2 R' PASS
14763253133132,8036795,True,11 R B R D2 R2 B' R D' B R D2 PASS
14763253133222,8707119,True,11 R B2 R2 B R2 D' B D2 B2 D' B' PASS
14763253133231,8431629,True,11 R B D' R D' R2 B2 R B R D2 PASS
14763253221221,8115871,True,11 R B R' B R' D B2 R2 D2 B R' PASS
14763253222112,9292870,True,11 R B' R B' R B' D B2 D2 B' D2 PASS
14763521113211,6352451,True,11 R B2 R B2 D2 R B2 R' B2 R2 D' PASS
14763521113223,5804998,True,11 R B R2 D' R' B' D R' B D' B2 PASS
14763523222331,4909338,True,11 R B R B' R D B2 D2 R' B' D PASS
14765231111213,6261888,True,11 R B2 D2 R2 D' R' B R' B2 R D PASS
14765231111312,6530035,True,11 R B' R D R' B2 D B2 D B' R PASS
14765231112131,6098504,True,11 R B2 R2 D2 B' R B' R D2 R' D PASS
14765231113121,5578944,True,11 R B R2 D' R' B R' D2 B R D PASS
14765231133131,5641748,True,11 R B D B D2 R2 B2 R B2 R' D PASS
14765232211211,5747848,True,11 R B R2 D' B R' D2 B D R2 D2 PASS
14765232232322,5704284,True,11 R B R' D R' B2 D2 R D R D' PASS
14765232331313,5723234,True,11 R B2 R2 D2 R B' R2 D B R2 D2 PASS
14765233113131,5396587,True,11 R B R2 B' R D2 R' D R B2 D2 PASS
14765233323332,5757927,True,11 R B D2 B' D B' R2 D2 B' D' B2 PASS
15236471111111,7372473,True,11 R B' R2 B' D' B' D R2 B R' D2 PASS
15236473231121,5168347,True,11 R B R' D2 B' D R D' R D2 B2 PASS
15243671331221,5823002,True,11 R B2 R' D B2 R' B D R B' D2 PASS
15246371331332,8076867,True,11 R B D' B R' B2 D R' B D B2 PASS
15246371332331,7812139,True,11 R B R' B2 D2 B R D R' D' R PASS
15246372331331,7717450,True,11 R B R2 B D B2 R D2 R2 D' B' PASS
15267431223113,5849008,True,11 R B R2 D R' B R2 B2 D' R' D PASS
15273641112323,7223381,True,11 R B2 R' B2 D2 R' B D R' B2 R PASS
15324673113311,9934491,True,11 R2 B R' D' R' D R2 B' D B2 D' PASS
15342671211311,4976239,True,11 R B R B' D2 R' B R' B' R D2 PASS
15346271321321,5347099,True,11 R B R' D R D2 R2 B' R' D B2 PASS
15367421211113,7061822,True,11 R D B' D2 B D' R B R2 D2 B2 PASS
15367421223113,5270839,True,11 R B D2 B D R2 B' R2 D R D2 PASS
15367423211123,6094697,True,11 R B D' B R B' D R' B2 R2 D PASS
15426371111111,6527399,True,11 R B D R2 D R' B' D R' D2 B2 PASS
15426371112233,5779917,True,11 R B D2 R' D2 B D' B' R D' R2 PASS
15463271313113,6448578,True,11 R B R2 D R' D R2 D2 B' R' B PASS
15624732123212,7841434,True,11 R B' D B' R2 B D2 R D' B2 D PASS
15624732133313,6542214,True,11 R B D2 R2 B R' B D R' B2 R' PASS
15624732333332,6146086,True,11 R B R' D B R2 B D' B2 R D2 PASS
15627431223113,5280545,True,11 R B R' D' R' D' R2 B R' D2 R PASS
15627431322113,7231895,True,11 R D2 R B R2 B2 R' D B2 R' D' PASS
15627431332112,5382290,True,11 R B D2 R D' R D2 R2 B' R' D2 PASS
15634722123332,8344973,True,11 R D' R2 B R2 B' D' B2 R2 D R' PASS
15634722321233,6054401,True,11 R B D2 B R' B D' B' R2 D R' PASS
15637423211123,6809354,True,11 R B R2 B' D B' D R2 D' R2 D PASS
15642371111111,13856246,True,11 R2 D R' B D B2 R' D B D2 B' PASS
15642372213311,5972556,True,11 R B2 R B D2 B' R' B2 D R B' PASS
15642372231332,6151841,True,11 R B D' B R B2 R B' D2 R B2 PASS
15642372331322,5726267,True,11 R B R D2 B' R2 D R B2 R D' PASS
15642373212311,5845543,True,11 R B R' B D2 R' D' R D' B2 D2 PASS
15642373221323,6202214,True,11 R B D B D R' D' B R2 D' B PASS
15642373231223,7016112,True,11 R B' R B R B' D2 B' D2 B' D2 PASS
15643271221331,5667466,True,11 R B2 D2 R B2 R D' R' D' B2 D' PASS
15643271331221,6011459,True,11 R B' R' B' D B2 R' B D2 B' D PASS
15643273223111,5321060,True,11 R B R B2 R D' B' R' B2 D R PASS
15647233213232,5332198,True,11 R B R B' R2 D2 B D' B' D R2 PASS
15672341113232,6851879,True,11 R B' D' B2 R D' B' R B' R2 B' PASS
15672341323112,5444978,True,11 R B2 R B D2 B2 D' B R2 D' B' PASS
15672342323312,6252684,True,11 R B2 R' D' R' D' B2 R B2 R' B2 PASS
15672343213232,5324328,True,11 R B2 R D' R2 B2 R' D R B2 R PASS
15672433312133,7537087,True,11 R B D B' D B' R B' R B2 D PASS
15724362212132,7269638,True,11 R B D' R' D B R' D2 B2 D R2 PASS
15724631111111,6753485,True,11 R B R D2 R2 D R B' D R' B' PASS
15724631211311,5535625,True,11 R B D B' D R' B D2 B2 D B' PASS
15724631322233,6256286,True,11 R B2 D2 R' B' D R' D2 B R' B2 PASS
15724632123233,7813355,True,11 R D B R' D B' D B2 D' R2 B PASS
15724632313223,5790365,True,11 R B D' R' B2 D' B' R D2 B' D' PASS
15724632323231,6420928,True,11 R B2 D2 R2 D R B R' B D' B2 PASS
15724632323333,6368547,True,11 R B2 R2 B' D' R B2 D' B R D2 PASS
15724633132322,5358256,True,11 R B R B2 R' D B2 R' B2 R' D2 PASS
15734622331223,6447441,True,11 R B R B D B' D2 R B2 R B2 PASS
15746321111111,8523858,True,11 R D2 R B' R B R2 D' B D B2 PASS
15746321323211,5122142,True,11 R B D R B2 R D R2 D2 B' D' PASS
15746322313112,4809389,True,11 R B R B D2 B D R2 D2 B' D' PASS
15762342122213,8939089,True,11 R B D' R B' D R2 D R' D R' PASS
15763241111111,7560552,True,11 R B' R' D R2 B' D B D B' R2 PASS
15763242323132,5441818,True,11 R B D R2 B2 R' B' R2 B' D2 B PASS
16243571132132,5431457,True,11 R B R2 D' R D' B2 D' R2 B' R2 PASS
16243571231231,5870714,True,11 R B' R B R' B D' R2 B R B2 PASS
16243571321321,5623447,True,11 R B2 D R2 D' B D' B R' D' R PASS
16245371231231,6095491,True,11 R B2 D R' D' B2 R D2 R D2 R2 PASS
16254733312223,10489698,True,11 R D R2 B' D' R2 D' B R B2 R PASS
16257431132111,6172220,True,11 R B' R' B D2 R' D R B D' R2 PASS
16257433223123,5235564,True,11 R B D B2 R2 B' D' B2 D' B2 D PASS
16273541122133,8884749,True,11 R B' R2 D2 R D R2 D R B' R PASS
16273541321321,7885781,True,11 R B' D R D' B2 R2 B R' B2 R' PASS
16275341312213,7375226,True,11 R B2 D' R2 D' B D' B2 R2 D' R PASS
16275343122221,6057260,True,11 R B D' B2 R D' R' D' R B2 R' PASS
16327453232333,5667203,True,11 R B R2 D2 R' B2 R' B D2 B' R' PASS
16342571331221,6021506,True,11 R B2 D B' D B D' B2 R2 D R PASS
16345271111111,12904657,True,11 R2 D' R B' R' D R2 D B D B' PASS
16345271133131,5831772,True,11 R B2 R B D' R D2 R' D2 B R2 PASS
16345271222111,6364891,True,11 R B' R B2 D R2 D' B D' B2 D2 PASS
16345272322232,6150607,True,11 R B2 D2 R2 D' B' D R' D2 R D PASS
16345272333212,5593712,True,11 R B R2 D' B D' R2 B D B2 D2 PASS
16345273122323,6824352,True,11 R B' D B' D2 R B D2 R' B R' PASS
16345273233323,7330397,True,11 R D2 R2 B' D' R B' D2 B R' B2 PASS
16347252131312,8294045,True,11 R D R2 B' D R B D2 B2 R' B PASS
16347253121312,7848063,True,11 R B' D2 B' R B R D2 R2 D B PASS
16357421223113,6076015,True,11 R B D' R' D' B D2 B' R D' B' PASS
16374521112323,6369208,True,11 R B D B2 D B' D' R D' B2 R2 PASS
16374523211123,5686327,True,11 R B R' B' R2 D' R' D R2 B' R2 PASS
16423572112121,6800422,True,11 R B D2 B2 R D' B D' R B R2 PASS
16427531211311,5458224,True,11 R B D R2 B2 D R' B' D B2 R2 PASS
16427531231321,6014786,True,11 R B2 R D B2 R2 B' D' B2 D R' PASS
16427532333233,9911708,True,11 R2 B D2 B2 R B' R' B D2 R D PASS
16453271111111,8186508,True,11 R D R' B2 R B' R D R2 B2 D2 PASS
16453271211113,5494032,True,11 R B D2 B R B2 D' R2 B R B2 PASS
16453272111131,5553878,True,11 R B D' R B R' D R' D2 R2 B PASS
16475233132313,8217140,True,11 R B2 R2 D2 B' R2 B' R' D R' B' PASS
16523473332323,5619172,True,11 R B R2 B' R D B2 R' D' B D PASS
16523741112212,6605158,True,11 R B R D2 R2 B' R D2 R' D2 R2 PASS
16524731112212,7618287,True,11 R D R2 D' B' R2 D B' R D B' PASS
16524731112233,6555094,True,11 R B' R' B2 D B' D' R D' R2 D' PASS
16524731113133,6474413,True,11 R B2 R B' D2 R2 D' B R D2 R PASS
16527341111111,6412764,True,11 R B D R2 D B2 D R B R2 D2 PASS
16527431123333,9620846,True,11 R B2 R2 B' D' R B' D R' D B2 PASS
16527431222132,10011729,True,11 R B' R D' R B' R D2 R2 D' B2 PASS
16527431312222,10849282,True,11 R D R' B' D R D2 R2 B2 R B' PASS
16527431333213,8610049,True,11 R B R2 D2 B2 R B R' B D' R' PASS
16527432113333,8716643,True,11 R B R B' D2 R2 D B D B' R2 PASS
16527432211322,10061740,True,11 R B' R B R' B D2 R2 B' D R2 PASS
16527432231122,9047541,True,11 R B R' D' B D2 R' B R' D' B PASS
16527432231332,8641241,True,11 R B R D' B2 R2 B R D B' R2 PASS
16527432331322,9230377,True,11 R B2 R B R D2 B R' D2 R' D PASS
16527432333113,8987874,True,11 R B D2 R2 B2 D R B' R B' R' PASS
16527433312133,8811818,True,11 R B R B2 R2 D' B R' B R B2 PASS
16532471111222,7323673,True,11 R B2 R B2 R2 D B' R' B D' R PASS
16534271111111,7197548,True,11 R B' R2 D' B D B R2 B R' D PASS
16534271111132,5385704,True,11 R B R B2 D' R B' R B' R2 D PASS
16534273211111,6765810,True,11 R B' D2 B' D B2 D R2 B D B2 PASS
16534723211123,8856379,True,11 R D2 R B D2 B' D' B2 R B D PASS
16537421111222,5969388,True,11 R B R2 B' R' D2 B R' B R B' PASS
16537421113322,6036858,True,11 R B2 R D' B2 R D B R2 D' R2 PASS
16537421113331,6340594,True,11 R B D2 B D R' B2 D R D B' PASS
16537421223113,5281221,True,11 R B R2 D R' B R2 B2 D' R' D2 PASS
16537421233112,7421298,True,11 R D2 R D R2 D2 R' B D2 R' D' PASS
16537421332112,5350422,True,11 R B R2 D' R' B' R' B R' B2 R PASS
16542371221331,5038721,True,11 R B R2 B D' B R' D' R2 B R' PASS
16542371331221,5582152,True,11 R B2 R' D B2 R' B D R B' D' PASS
16542372112331,7757528,True,11 R D' R D R2 D2 B2 R' D' R B2 PASS
16543271221223,10694002,True,11 R D2 R2 D R' B R' B R' B R2 PASS
16543271223221,7974367,True,11 R B R B2 D2 B' D R' D' B2 R PASS
16543271331332,8648672,True,11 R B2 R2 B' D B' D R' B D B2 PASS
16543271332331,8724679,True,11 R B2 R2 B D B' R B' D B' R2 PASS
16543272331331,8078420,True,11 R B R2 B2 R' B D2 R B2 R2 B' PASS
16543273221221,8622099,True,11 R B2 R2 B D' B R' D R' B R2 PASS
16543721111111,6566518,True,11 R B D R2 D R' B' D R' B2 D PASS
16543721113211,5401796,True,11 R B R D' R2 B D' B' R D' R2 PASS
16547233332323,6206606,True,11 R B2 R2 D2 B D' R B' D2 B R' PASS
16547321113331,7800620,True,11 R B2 D' R2 D B D2 R2 B' D' R2 PASS
16572431111111,7433106,True,11 R B' R' D B' D2 R' D B R D2 PASS
16572433213223,5375976,True,11 R B D' R2 B2 R D2 R D2 B R PASS
16573241123123,6291024,True,11 R B' R D R2 D2 B2 R' B' R B2 PASS
16573241312312,5662670,True,11 R B D R2 D R' B' D' R2 B R PASS
16574231113133,6640186,True,11 R B R2 D2 B2 D' B R' D' R D PASS
16723451122133,6658198,True,11 R B R' D2 B2 R' D B' D' R B2 PASS
16723451322311,5926603,True,11 R B D' R2 B2 D' B R' D' R D2 PASS
16725431121311,5616542,True,11 R B R2 B' D B D2 R' B' D R' PASS
16725431131211,5800712,True,11 R B D2 R' D' B R' D2 B R B' PASS
16725431211122,5850338,True,11 R B R' D2 B2 D' B' D2 B R2 D' PASS
16725431211131,7198130,True,11 R D B R' D2 R D' R B' D2 R' PASS
16725431311121,5437793,True,11 R B R B' R2 B D' R D' B2 R' PASS
16725432211121,6434452,True,11 R B2 R' D R' D R2 B' D' R D' PASS
16725432232223,5646466,True,11 R B R B' R D2 R' D2 B R' D PASS
16725433113311,5791829,True,11 R B D R B2 D R2 D B' D2 R2 PASS
16725433122212,5473420,True,11 R B R2 B' D' B2 R B' D' B2 R2 PASS
16725433333232,5212972,True,11 R B R2 B R' B R2 D' B D B' PASS
16735242122213,7879511,True,11 R B R2 B2 D' R B' D' R D R' PASS
16742352232313,6990817,True,11 R B D2 B' R2 B R' B D R' D2 PASS
16743252323222,5706092,True,11 R B R2 B D R' D B D R2 B' PASS
16745232121313,6705478,True,11 R B2 R B' D B2 D' B2 R D' B' PASS
16745232122222,6238126,True,11 R B R2 B2 R B D B' D2 B' R PASS
16745233121213,6163153,True,11 R B R2 B2 R B R D' B2 D' B PASS
16745233333313,8921809,True,11 R D' B2 R B R2 B' D' B2 D' B' PASS
16753241221112,6794676,True,11 R B D' R B' D2 B R' B' R' D' PASS
17246351111111,6375502,True,11 R B R B2 R D' B' R B' D2 R2 PASS
17265433111313,9798219,True,11 R D2 R B R' D R' B2 R' B R' PASS
17324561211323,6761962,True,11 R D2 R B' D B R2 D' R B R2 PASS
17324561232332,4920974,True,11 R B R D B2 D B R2 B2 D' B' PASS
17326452212111,10372637,True,11 R2 B2 R' B' R' D R2 D R2 D' R2 PASS
17356241212313,5004527,True,11 R B R' B' R D2 R B R' D2 R2 PASS
17356242211331,7935708,True,11 R2 B R2 B R2 D B D' R B' R' PASS
17362451211311,4911732,True,11 R B R D2 R D' B' D R' D2 B PASS
17362451231321,5517186,True,11 R B D R' D2 B D' R' D B' R2 PASS
17362452213311,8490451,True,11 R D' B2 D' R B2 R B2 D B D2 PASS
17364251231231,6624809,True,11 R B2 D' B2 D R D2 B2 R' B' R2 PASS
17423653213232,5608870,True,11 R B2 R' B R2 D' B R D R' D2 PASS
17425631122112,5999377,True,11 R B D' B' R B' R' B R' D R' PASS
17425631223113,5389954,True,11 R B D B2 D B2 D' B2 R B R2 PASS
17425631313113,5832298,True,11 R B D R2 D R2 D' B2 R D R2 PASS
17425631322113,6873856,True,11 R D R2 B' R B' D R D R' D2 PASS
17425631322332,8075451,True,11 R2 B R D2 B R' D R2 D R' B2 PASS
17425631323112,6953077,True,11 R D B2 R' B D' B D B R' B2 PASS
17425631323223,5655273,True,11 R B D2 R' D R' D B D2 R D' PASS
17425631332112,5525119,True,11 R B D' R' B R' B' R B' D R' PASS
17426531112233,5996225,True,11 R B D' R2 B D' B' D' R2 D2 B PASS
17426531121212,6746194,True,11 R B2 R D B2 R' B2 D R D B' PASS
17426531132312,6611845,True,11 R B2 D' B R2 B2 R' B D2 R' B2 PASS
17426531213123,7209168,True,11 R D R' B2 R' B R D B2 D2 B PASS
17426531223221,5312976,True,11 R B R B D2 R2 B2 R B2 R' B2 PASS
17426531232233,8421666,True,11 R D' R' B2 R' D' R2 D R B2 D' PASS
17426531313131,6769403,True,11 R B2 R D B' R B D B2 R D2 PASS
17426531331332,5577405,True,11 R B D2 R' B' R' B2 D B' D2 B PASS
17426532121211,6153265,True,11 R B R B' R2 D R' B2 D2 R B' PASS
17426532331331,6117598,True,11 R B2 D R2 D R' B R2 B R B PASS
17435622211133,8123517,True,11 R B2 D' B R D R2 D2 B' R D PASS
17435623211123,8736644,True,11 R B2 D' R B D R2 D2 B' D B PASS
17436521323232,5320378,True,11 R B R' B D2 R D' B' D' B2 D' PASS
17452363213232,5383337,True,11 R B2 R' B R2 D' B R D R' D' PASS
17452363322132,5407576,True,11 R B R2 D' R' D' R B2 R B R PASS
17452633213232,6975925,True,11 R B D' B2 R2 B D' B2 D' B2 D2 PASS
17453262211133,6158643,True,11 R B R2 B' R D' B R2 B' R2 B PASS
17462352213311,6411110,True,11 R B2 R B D2 B' R' B2 D R B PASS
17463251122112,5924569,True,11 R B D2 R D' B R2 B2 D' R' B2 PASS
17463251221331,5013111,True,11 R B R2 B D B' R2 D R B D' PASS
17463251313113,5753410,True,11 R B R' B' D' R' B2 D R' B2 R PASS
17463251321231,6212513,True,11 R B2 R D' R2 B D R D2 B' R2 PASS
17463251323112,7101116,True,11 R D2 R B D2 B2 D' B D2 R' B' PASS
17463251331221,5323052,True,11 R B D2 B' R' B2 D R' B R D' PASS
17526431131121,5970551,True,11 R B D2 R' D' B' D R' D B' D2 PASS
17526431231321,6281363,True,11 R B2 R B2 D2 R D2 R' D2 R2 B' PASS
17526432123233,8307938,True,11 R D B R' D B' D B2 D' R2 B' PASS
17543261111111,8432415,True,11 R D B' R2 B R' B D R2 B2 D2 PASS
17543261132111,5391217,True,11 R B R2 B D B2 R' B2 D R B2 PASS
17642531111111,6357830,True,11 R B R B2 R D' B' R' D2 R2 B PASS
17642531112233,7670813,True,11 R D B' D' B R2 B R B2 R2 D' PASS
17642533312211,5457763,True,11 R B R D' B2 D' R' B D2 R' D2 PASS
17643251122112,6482884,True,11 R B R' B R' D2 R B' D' B' D' PASS
21345671111111,7943077,True,11 R B' D2 R' B R' B' R D2 R B PASS
21345762223322,9573346,True,11 R D2 B' R2 B R2 D' R D2 R2 D' PASS
21345762312323,7569546,True,11 R B' R B' D R2 D2 B2 D B R' PASS
21345762313223,6806373,True,11 R B D2 R' B R D2 B2 R D' R' PASS
21345763332233,7292706,True,11 R B D2 R2 B' D' R B' D R2 D PASS
21346752313322,8107604,True,11 R D R2 B2 D R' D' R' B2 R2 D' PASS
21347562312323,10167106,True,11 R2 D2 R B' D B R2 D' R B R2 PASS
21354671122112,5915004,True,11 R B R D2 R B' R D2 R B2 D PASS
21354671131313,7279423,True,11 R B' R2 D2 B R' D2 B D' R' D' PASS
21354671221112,6015506,True,11 R B R2 D B2 D R' B D2 B D PASS
21354672311123,6669376,True,11 R B' D2 R D2 R' D B' D2 B' D PASS
21354672311132,7303307,True,11 R D R2 B2 D B' R D' R2 D R' PASS
21354672313211,20621301,True,11 B2 R B' D R D2 B' R D R2 D' PASS
21354673131113,7242638,True,11 R B' R2 B D B2 R' D2 B R B' PASS
21354761112233,6194556,True,11 R B2 D2 R' B' R D' R2 B R' B2 PASS
21354761112311,5779534,True,11 R B D B' D2 R2 D B' R B2 R2 PASS
21354761113211,6411438,True,11 R B2 D2 R2 D B R B' R D' B2 PASS
21354761113322,5873492,True,11 R B2 R D2 B2 R' D R' B2 D2 R2 PASS
21354761122211,7688681,True,11 R D R D' R B' R B2 R' D2 B PASS
21354761133311,6449835,True,11 R B2 R2 B' R B' R2 D B' R' D2 PASS
21354762213311,5408554,True,11 R B R' D2 R B R' D R' D B2 PASS
21354763312211,5778884,True,11 R B D' R B' D' R2 B' R2 B' D' PASS
21357462311111,8034432,True,11 R B' R2 D2 R B D2 B R D' R PASS
21357463213331,7439801,True,11 R B2 R' B R' B' R D' R2 D B2 PASS
21357642221132,7722420,True,11 R B2 D B2 D R B2 D' B R' B2 PASS
21364752311111,6947382,True,11 R B R2 D' B' R2 B' D' B2 R D PASS
21364753212212,6556819,True,11 R B R D B D' B2 R B2 R B2 PASS
21365742221312,5657533,True,11 R B R D' B2 R B R2 B' D' B' PASS
21365742312323,6852845,True,11 R D R' B R2 D R' B' D' B2 D' PASS
21367451311331,5861413,True,11 R B D R2 B D2 B R' D B2 R2 PASS
21367452112112,5757606,True,11 R B R2 D' R B' R2 B' R2 D' R2 PASS
21374653333121,6440172,True,11 R B2 R D R2 D R' B' R2 D2 B' PASS
21375462312233,6279963,True,11 R B R D2 R D' B' D R' D2 R' PASS
21375463333211,6824362,True,11 R B' R D' R2 D' B' R' D B2 R PASS
21376541111123,6152096,True,11 R B D B' R B2 R' B D' R B2 PASS
21376541112311,5940441,True,11 R B D B' D2 R2 D B' R' B2 R2 PASS
21376541122211,8078308,True,11 R D R D' R B' R B2 R' D2 B' PASS
21376541131133,6282772,True,11 R B D R' D R B2 R2 D' R' B PASS
21457631321123,8389077,True,11 R2 B D2 R' D R' D B D2 R D' PASS
21473563331312,7523888,True,11 R B R2 D2 B D' B D' R D' B' PASS
21536742222131,7420941,True,11 R B2 R D2 B' D' B R' B R' D PASS
21654372231323,6487689,True,11 R B2 D R2 D' R D' B D' B' D' PASS
21654372233321,5933709,True,11 R B2 R2 D2 B' D R B' D B' D2 PASS
21654373332122,5848009,True,11 R B2 D2 R2 B R' B R2 D' R B' PASS
21654373332221,5804576,True,11 R B2 R' D' R2 B D' B2 D R' B2 PASS
21734652123131,5679140,True,11 R B R D R D2 R D' B R2 D2 PASS
23147562123131,8237903,True,11 R D R D2 R D B2 D' B' D2 R PASS
23147651112323,6774177,True,11 R B D B2 R2 D B' D' R B2 D2 PASS
23147652312323,5931021,True,11 R B2 R B D2 R2 D' R' B2 R D' PASS
23156471222132,6373459,True,11 R B2 R' D R2 B' R' D' R2 B R PASS
23156471333132,5406160,True,11 R B R B2 R B R D' B2 R' B2 PASS
23156473323332,5991937,True,11 R B R' B2 D' R2 D R' D2 B R' PASS
23157461231333,6778602,True,11 R B R' D2 B' R D R' B2 D2 R2 PASS
23157462131123,8453159,True,11 R D B' R B' D R' B2 R D2 B' PASS
23164573213133,6788925,True,11 R B R B2 R D' R D' R B R PASS
23164752131312,6451875,True,11 R B D R2 B2 D B' D B' R D' PASS
23164753333313,6278905,True,11 R B R D2 R2 B' R B' R2 D2 B' PASS
23165471111111,6788319,True,11 R B R' D R' B R2 B2 R D' B' PASS
23165471311133,6158345,True,11 R B2 R B2 R2 D B D R' D2 R' PASS
23165471312132,5732318,True,11 R B D R' D2 B R D' B R2 B PASS
23165472111122,6427544,True,11 R B2 R2 B' D2 B D B' R2 D B' PASS
23165472111332,5504903,True,11 R B R2 B R B2 D B2 D R2 D PASS
23165472132332,6334779,True,11 R B' R B' R2 B R' D R B2 D' PASS
23165472311111,5895517,True,11 R B D' R D2 R' D B R2 D2 B2 PASS
23165473233221,6986724,True,11 R D R' D2 R B D' B D' R B2 PASS
23165741112323,8534138,True,11 R B R2 D' B D R2 B2 D R' D' PASS
23165741231312,7810450,True,11 R B2 D' R2 D B2 R' D R2 D2 R' PASS
23165742123131,7726483,True,11 R B D B2 D2 B D R D' R2 D' PASS
23165742131321,9548577,True,11 R D2 B' R2 B D2 R' D R2 D2 R' PASS
23165742131333,11161447,True,11 R2 B2 D2 B' D B' R2 D' R D' R2 PASS
23165742312323,7735363,True,11 R B' R' B R B2 R2 D2 R B' R PASS
23165743331312,11194970,True,11 R2 B2 D2 B' R B' R2 D' B D' R2 PASS
23167541233322,6481741,True,11 R B2 D' B2 R D' B' D R' D R' PASS
23167542131222,6414589,True,11 R B2 D' B2 R D' R' B R' B D' PASS
23174652123131,6692568,True,11 R B R2 B' R D2 B' R' D2 R B' PASS
23175463211222,7034361,True,11 R B R' D2 B2 D B' D2 B' R2 B2 PASS
23176452132221,6476059,True,11 R B2 R2 B' R D' R D2 R B D2 PASS
23176453332233,6875746,True,11 R B D' R D' R2 D B R2 D' R PASS
23416752121211,8688027,True,11 R B' R B' D' B D2 B R D' B2 PASS
23417563232123,5721655,True,11 R B D' B2 D B' R B' D2 R2 B2 PASS
23456173212332,5003136,True,11 R B R' B' D' R B2 D' B D2 B' PASS
23456173233122,6370867,True,11 R B' D R D2 B2 R B D2 B2 R' PASS
23456713212332,5203582,True,11 R B R2 B' R2 D B' R2 B R B' PASS
23475162121112,8148039,True,11 R B R2 B R2 B' D R' B' D2 R2 PASS
23517462131333,8773820,True,11 R B' R B' D' B D2 B R D' B PASS
23576412233321,5770380,True,11 R B D B' R' B D2 B D2 R' B2 PASS
23576412312323,5538129,True,11 R B R B' R' D B2 D B2 R' B2 PASS
23657142121112,8820423,True,11 R B' R D R2 B2 D R' D2 R D2 PASS
23671452122333,12176526,True,11 R2 B' R' B R' D B2 D R' D B2 PASS
23674153232321,5238411,True,11 R B D R' B2 R' B' R' D R2 B' PASS
23751461132123,5007789,True,11 R B R' D' R B2 R B2 D' R2 D PASS
23751463112321,5061336,True,11 R B R' D R D B' R2 D R B' PASS
23756143222331,6341343,True,11 R B' D B D2 B' R D2 B' D2 B PASS
23756411222312,7890912,True,11 R B R' B R2 B2 D' R B' D' R PASS
23756413222112,8248636,True,11 R B D' R B2 R2 D' R D' B' R PASS
23756413223312,7912214,True,11 R B R' D' R B' R2 D2 R D' R PASS
23756413322312,8284638,True,11 R B D' B' D B' R2 D2 R B' R PASS
24153672321233,6421922,True,11 R B R B2 R2 D' B R2 B' D2 B2 PASS
24157361313212,5860896,True,11 R B2 D B R2 B R2 D2 B D' R2 PASS
24157362323111,5778195,True,11 R B2 D B R2 D2 B' R2 B D' B2 PASS
24167353132232,8534550,True,11 R D B' R2 D R' B D B' D2 B' PASS
24173652323231,5335306,True,11 R B R B' R2 D R' D' R D' B2 PASS
24315673311311,10106880,True,11 R2 B D' B' D' R D2 B' D R2 D' PASS
24315761122322,7045828,True,11 R B' R2 B' D' B2 D' B R B2 D2 PASS
24315762213323,6422546,True,11 R B R' D R B2 D' R D R2 D' PASS
24351671212211,8063691,True,11 R D B' R' D' B D2 R' B D2 B' PASS
24351673111133,8204309,True,11 R D B' D B2 D' B D' B R D2 PASS
24351673311311,9498247,True,11 R2 B D2 B' R2 D R' D2 R B D' PASS
24351761111123,9763298,True,11 R2 B D2 B2 R2 D' R' B R' B D2 PASS
24351761212232,6898826,True,11 R B D' B' R B' D2 R2 B' D' B2 PASS
24367511323112,7185385,True,11 R D' R2 B D' R D' R' D' B R2 PASS
24367513111121,5367046,True,11 R B R' D2 R B' R B' R2 D2 B2 PASS
24376512222122,8840446,True,11 R B' R D2 R D' R D' R2 D B2 PASS
24516732233111,6552458,True,11 R B D R2 D R' B' D R' B2 R' PASS
24531673123121,7370333,True,11 R D B R2 B' D R2 B' D2 B D' PASS
24536713231232,6576071,True,11 R B R D2 B D2 B2 D R' B2 D2 PASS
24537613231322,8499653,True,11 R D2 B R2 B' R B' D R' B' D PASS
24561372111131,6407759,True,11 R B' D2 B R' B R B2 D' B R PASS
24563711121212,8179105,True,11 R B R' B2 D' R' B2 D B D2 B2 PASS
24563712121232,8241172,True,11 R B R' D2 B' R' D2 B R D2 R2 PASS
24563713121222,10566645,True,11 R D2 R' B' R D' B D2 B D' R PASS
24571362221213,7618064,True,11 R B R2 B D R' B2 R' B' R2 D PASS
24571631121212,7591235,True,11 R B R' B R B2 D2 R' B2 R2 D' PASS
24615371112332,6088940,True,11 R B D2 B R' B' R B' D2 R D' PASS
24615372213311,11554632,True,11 R2 D R' B D R2 D B2 R2 D B PASS
24615731122313,8018522,True,11 R B2 D' B2 D B2 R' B D2 B2 D' PASS
24615731132333,10976896,True,11 R2 B R2 D2 B2 D' B R' D B2 D' PASS
24615732111323,9698037,True,11 R D2 B' D2 B D2 R' B D2 B2 D' PASS
24615732213311,6626685,True,11 R B R2 D' B R D2 B2 R B' R' PASS
24615732233321,7874122,True,11 R B' R' D B R2 B2 D2 B R' D PASS
24615733113323,11286193,True,11 R2 B D2 R2 B2 R' D B' D B2 D' PASS
24615733311122,6901039,True,11 R B R' D2 B2 D R D R' B2 D PASS
24617532233321,8758498,True,11 R2 B2 R B' R D R2 B' R B D2 PASS
24637512311132,8193162,True,11 R D R B2 R B R2 B' D' B2 R PASS
24651731113223,6409088,True,11 R B D' B D' B D2 B2 D R D PASS
24651731333333,5774188,True,11 R B R2 B D' B' D B' R2 D B' PASS
24715363311332,6936786,True,11 R B R' D' B R' D2 B2 R' B' D2 PASS
24715631111111,7238235,True,11 R B D B2 D2 B R D' B D' B' PASS
24715631122121,7236497,True,11 R B' D2 B R B2 D2 R2 B R' B' PASS
24715631122133,5813187,True,11 R B R D2 B2 D' R' B' R B2 R2 PASS
24715632313223,5285614,True,11 R B R D' R B' R' D2 B2 R' B PASS
24715633112111,5197798,True,11 R B R D' B R' D R2 D2 R B' PASS
24715633131131,7054302,True,11 R B' D B2 R' B2 R B' D B R PASS
24716532323231,8224670,True,11 R B' R2 B' D B R2 B R' D2 R' PASS
24731561111111,10141245,True,11 R2 B R' B R2 D R' D' B' D2 B' PASS
24731562311231,5929670,True,11 R B2 D R B2 D2 R' D2 R D' B2 PASS
24736512222332,8532348,True,11 R D B' D R' B R' B2 R D2 B' PASS
24751362221231,10574121,True,11 R2 B R2 D2 B' R' B D' B R2 B PASS
24751362321113,12735743,True,11 R2 D B2 R2 D' R' D R' B R2 B PASS
24761531221223,8300781,True,11 R D R' D2 B R' D B R' B2 R' PASS
24763151111111,6754227,True,11 R B R' B2 R D' R D' B2 D2 R2 PASS
24765313222112,7001988,True,11 R B D' R B' D R2 D R' D R2 PASS
25134672233321,5724164,True,11 R B D' R2 B R D R2 B' D B2 PASS
25134672312323,5500003,True,11 R B R' D2 B R D B2 R' D B2 PASS
25134672313211,7337112,True,11 R B' R B' D' B D2 B D R D' PASS
25137461111111,7378434,True,11 R B' R B R' D2 R' D' R' B D' PASS
25137461211323,5108632,True,11 R B R2 B' R D R2 D2 R B R' PASS
25163741112323,6743323,True,11 R B R2 B2 D2 R' B' D R' B R2 PASS
25314673111313,13852960,True,11 R2 B D' B R' B R B2 D2 R2 B PASS
25314673111331,13252570,True,11 R2 B R2 D2 B2 R B D' R D' B PASS
25314673131311,13682205,True,11 R2 B R' D B' R D B2 R2 D2 B PASS
25341673113311,11371634,True,11 R2 D R' B' D' B R2 D' B R2 B' PASS
25341762313223,9645953,True,11 R2 B R' D R B2 D2 R' D2 R D PASS
25364172311231,10500476,True,11 R' B R B' D2 B D' B R B2 D2 PASS
25364173223231,4966342,True,11 R B R D' R' D' R B D' R B2 PASS
25367411211122,7023340,True,11 R B D2 B2 R B' R B' R D R2 PASS
25413672323111,10573445,True,11 R' B R D' B2 D B' D R B2 D2 PASS
25413763121222,7373033,True,11 R B R B' R B R2 D' B D B2 PASS
25436711311313,6208041,True,11 R B2 D2 R2 B' D B' R B2 D' B PASS
25436712123122,5770023,True,11 R B D2 B R B2 D B2 D B2 D PASS
25436712123332,6383512,True,11 R B2 R2 B' R2 B D R' B2 D B' PASS
25436712132122,6328559,True,11 R B' R D2 B' D' B D' R2 D R' PASS
25436712323231,5766833,True,11 R B R' D R2 D' R B R2 D2 B2 PASS
25436713232321,6207285,True,11 R B' R' B' D R2 B' R2 B D' R PASS
25436713332122,5885431,True,11 R B2 R' D B' D2 R2 B' D' B2 R' PASS
25463713212332,6561983,True,11 R B R' B' D2 B' D' B2 R B2 R' PASS
25471362323132,6146470,True,11 R B' R2 B D' B D B2 R' D R PASS
25471631312213,9276095,True,11 R B' D R2 D R' D R' B' R2 D2 PASS
25631741212121,11390435,True,11 R2 B R' D B' D' R B2 R B D' PASS
25634713321232,7152805,True,11 R B2 D R' B' D2 R D2 R B2 R2 PASS
25641371213132,6919572,True,11 R B D2 R2 B2 R' B D' B D2 B' PASS
25714632123131,7353485,True,11 R D R2 B2 D R' D B' R2 B R' PASS
25714632223331,6533564,True,11 R B' R2 D R2 D' B R' D2 R' D PASS
25714632313211,18182503,True,11 B R2 B' D' B D2 R' B' D R' B2 PASS
25714633121333,7130705,True,11 R B' R' B D2 B R' D' B R2 B2 PASS
25716431212223,6892840,True,11 R B D' B D' R2 D R B2 D' R PASS
25716433223213,6519259,True,11 R B2 R2 B' D B' R B2 R B D2 PASS
25731642232211,11461977,True,11 R2 B R' B D R' B2 R' D2 R D PASS
25734162221111,6482073,True,11 R B R2 B2 R B2 D R2 D2 B R' PASS
25734613113323,8791597,True,11 R D2 R B D2 B D' B' D2 R2 B' PASS
25736141111123,7796374,True,11 R D R' D' B' D2 R2 B' R D' R PASS
25736141233232,7407518,True,11 R D2 B D2 B' R D' R D' B' R' PASS
25736411133113,7034133,True,11 R B' D B D2 R' B2 D R B2 R' PASS
25736411231321,6347602,True,11 R B2 R' D' B R2 D' B' R' D B2 PASS
25736411321312,5423138,True,11 R B R D2 R B2 R D' R' D B2 PASS
25736411331113,6719819,True,11 R B' R B D2 R' D2 B R D2 R' PASS
25736413123112,5650991,True,11 R B D B2 D R2 D R' B' D B2 PASS
25741361232113,7796825,True,11 R B' R D2 B' R D R' B D2 B2 PASS
25741632222323,6576785,True,11 R B2 D B2 D' R D' R B' R' D' PASS
25741632312323,5943124,True,11 R B2 R2 D2 B' D B D' R B' D2 PASS
25743611233232,6190138,True,11 R B2 R D2 R2 B D' B' R D' B PASS
25763142223133,7496701,True,11 R B' D2 B R B2 D' B R2 B' R' PASS
25763411332322,5687123,True,11 R B D' R D2 R' B D' B D R2 PASS
26135742132221,7109064,True,11 R B' D2 B' D' B2 D' R D B2 R2 PASS
26135742213323,6538634,True,11 R B R' B D R2 B' D R B2 R' PASS
26135742332312,6778200,True,11 R B' R2 B' R' D2 R' B D B2 R2 PASS
26153471122121,6670397,True,11 R B2 D' R' B2 R D2 B' D R B2 PASS
26153473131131,6050757,True,11 R B D2 B2 R D' B D' R B R PASS
26153473132121,5916280,True,11 R B2 R' B2 R B2 D2 R' B' R2 B2 PASS
26154372332213,13181414,True,11 R2 B' D2 B R' D R' B2 R' B R' PASS
26175432331133,7277491,True,11 R B2 R D2 B' D' R B' R B' D PASS
26317451212211,10499264,True,11 R2 B2 R' D' R' D B2 D B2 D' R2 PASS
26345711223113,4905103,True,11 R B R2 D' R2 D' R D' R2 B2 R PASS
26371453112111,5771082,True,11 R B2 R' B' D' R D2 B D' R B' PASS
26415731322323,5689944,True,11 R B R B' D2 R B D2 B' D' B' PASS
26415732121223,5666114,True,11 R B R2 D' B D2 B' D' R2 B2 D PASS
26415732233321,7026576,True,11 R D R' B2 R' B' R' D R2 B D' PASS
26435712222122,10404068,True,11 R2 B R2 D2 B2 D' R D' R B2 R' PASS
26435712233321,7696531,True,11 R B' R D' B R2 B2 D2 B R D' PASS
26435712311132,7323451,True,11 R B R B2 R2 B R B D' B2 D' PASS
26435712322322,9680101,True,11 R D2 B' D2 B R2 D' B R2 B2 R' PASS
26435713311122,7241922,True,11 R B D' B2 R2 B R B D' B2 R PASS
26435713333133,8817092,True,11 R D B2 R2 D' B' R B' R B2 R PASS
26437512122312,6453222,True,11 R B2 D' R2 B D' B' R D' R D' PASS
26453172211133,7138794,True,11 R B' R2 B D B2 R' D R2 D' R' PASS
26453711333333,6434064,True,11 R B2 R2 B R' D2 B R2 B D2 B2 PASS
26513471122121,6806112,True,11 R B2 R D' B2 R' B' R' D2 R' B PASS
26517343333313,8307394,True,11 R B2 R2 B D2 B2 R2 B' R2 B2 D PASS
26534713333313,8890178,True,11 R D' R B' R B2 D R' B' R' B2 PASS
26543171111111,6687535,True,11 R B R' B2 R D' R D R2 B2 D2 PASS
26543171123111,5454443,True,11 R B R2 B' R D' R2 B R2 B' R2 PASS
26547313131323,8894794,True,11 R B2 D2 B' D R' D R2 D' R2 D PASS
26573413331312,7359070,True,11 R B R2 B2 R' B D2 R' B2 R B PASS
26714531212133,7107268,True,11 R B R' D B' R D' R2 D R2 B' PASS
26714532121133,7683792,True,11 R B2 D R2 D R D2 B' D R' B2 PASS
26715433231322,6537822,True,11 R B D' R B D2 B2 D' B' D2 R PASS
26741351232113,5655989,True,11 R B R B2 D2 R B D2 R2 B' R' PASS
26743512121232,8884779,True,11 R B' R2 D' R' D R D' B2 D B PASS
27134561131133,6577947,True,11 R B R' B' D R D' R D2 R' B PASS
27154632311132,5895837,True,11 R B R' D R2 D R D B R2 D2 PASS
27314652313211,7148489,True,11 R B' R B D B2 D B' D' R D' PASS
27365412321212,8588004,True,11 R B' R D2 R D' R D' R2 D B' PASS
27415363131113,8318077,True,11 R B R' B D' R' B R B D2 B2 PASS
27415632323231,7115744,True,11 R B D2 R' B' R2 B' D' R2 B D PASS
27415633321322,8772714,True,11 R D R' D R D' B2 R D' R B' PASS
27416532133232,5893019,True,11 R B D2 R' D B' R2 B' R2 D' R2 PASS
27416533321232,7154211,True,11 R B' D B R' B R' B2 D R D2 PASS
27435612122222,6360023,True,11 R B R D2 B2 R D' B D' B D' PASS
27453161123111,5250630,True,11 R B R2 D B2 D R2 D2 B' D R PASS
27453161132111,6164512,True,11 R B2 D' B' D' B2 R D' B2 D' B2 PASS
27456133132223,6700166,True,11 R B R' B' D B R2 D2 B2 D' B PASS
27516341111111,6432139,True,11 R B R B2 R B2 R B R B2 D2 PASS
27534161111111,6399413,True,11 R B R B2 R D' B' R B' R2 D PASS
27534161111123,8548554,True,11 R D' R2 D' R B2 R D2 B D R2 PASS
27534162311111,5954078,True,11 R B D B' R2 D B' R' B D' B2 PASS
27534612311132,6966130,True,11 R B D2 B' R B2 D' R' B2 R B' PASS
27536412332312,6482205,True,11 R B2 R2 B' D R' D R2 D B D2 PASS
27543611111123,7567184,True,11 R D2 R' D2 R' D R' D2 B2 D' R PASS
27543611111132,5372881,True,11 R B R' B2 D2 B R2 B D2 R B PASS
27546312231122,11409604,True,11 R2 B2 R D2 R2 D B2 R' D2 R2 B PASS
27613543333133,8338966,True,11 R B' R B R2 D2 B R' B2 R B2 PASS
27614353311332,7245411,True,11 R B D' B R' B R' B2 D2 R' D' PASS
27615431312333,7861354,True,11 R D B D2 R2 B D' B R' D R' PASS
27615432113321,8298501,True,11 R D R2 B2 D R2 D R B' R B2 PASS
27615433313213,5781785,True,11 R B R B2 R2 B D' R B' R B PASS
27634511131133,6472447,True,11 R B2 R' D' B' R D2 R B2 R' B2 PASS
27634512233321,6065219,True,11 R B2 R B R2 D2 R' B' D2 B D' PASS
27643513311233,9446066,True,11 R D2 R2 D R2 D2 B2 D B2 D2 R' PASS
31246753312211,8030394,True,11 R D2 R D R2 D' B' R2 D B R PASS
31247651113232,5766198,True,11 R B R2 D2 B D2 B R' D' B2 D' PASS
31247651323232,6813664,True,11 R B' D2 B D' B D2 R' B2 R B2 PASS
31256471231222,6489193,True,11 R B R B2 D B2 D2 B R' B2 D2 PASS
31257462222221,7695420,True,11 R D2 R2 B2 D' R' B D' R2 D B' PASS
31257462312311,6371475,True,11 R B2 R2 D2 B' D' R D' R2 D B' PASS
31257643311122,6698422,True,11 R B D2 B' D B' R B2 R' D2 R PASS
31264572122213,6583361,True,11 R B D' R2 D' B D B R2 B2 R PASS
31264573132313,6321760,True,11 R B R B' D2 B R' D' B2 D2 R' PASS
31264573222223,6505595,True,11 R B2 R D' B2 R B R2 D' B' D PASS
31264752132122,6581780,True,11 R B2 R D' R B' R' B2 R' B2 D2 PASS
31264752313121,6996123,True,11 R B2 R B' D B' D' R2 D' B2 R2 PASS
31265471111111,8240213,True,11 R B' D B2 D' B R' D R2 B2 D2 PASS
31265471122112,5823595,True,11 R B D2 R D' B R2 B2 D' R D2 PASS
31265471122133,6655025,True,11 R B2 D R' B D R2 B' R D' R' PASS
31265471312213,5913582,True,11 R B R2 D' B2 D B D2 B' R2 B PASS
31265471313113,5498238,True,11 R B R B' D2 B D' B2 R D' R PASS
31265471321111,5183289,True,11 R B R2 B D' B D B2 R' D R' PASS
31265472233321,8319853,True,11 R2 B R' D2 B' D R D' R D2 B2 PASS
31265472312233,5912095,True,11 R B R2 D' B2 D R D2 R' D2 R PASS
31265741233331,8230529,True,11 R D R D' B D' R B2 R B R PASS
31267542222233,7672141,True,11 R B2 R D R' B R2 D' R D B' PASS
31267542313133,8316663,True,11 R B' R D2 R' B D2 R' B2 R B2 PASS
31275461112233,8483298,True,11 R B' D R2 B2 D2 R B' D R' B PASS
31275461322233,8567705,True,11 R B' D B2 R2 D2 B D' B D' R PASS
31275462133211,7137519,True,11 R B R2 B R' D2 R D2 R' B D' PASS
31275462223211,7170691,True,11 R B R2 B D' R2 D R2 D' B D' PASS
31275462311213,7521282,True,11 R B D2 B D' B2 D B2 D' B D' PASS
31275462312212,7591677,True,11 R B D2 B R' D2 R B2 R' B D' PASS
31275463311122,8173571,True,11 R B2 D' B D R D2 R2 B' R B PASS
31276452133322,5874190,True,11 R B R2 B' R D2 B2 R D' B D2 PASS
31276452313313,6910178,True,11 R B' D R' B R2 D R' B' D' B2 PASS
31452671323211,4883137,True,11 R B R D' B2 D B' D R B2 D2 PASS
31452671332232,5175870,True,11 R B D' B D R D' R2 B R D' PASS
31452672322331,5201486,True,11 R B D' B' D B2 D B2 R' B2 R PASS
31456722111221,6541235,True,11 R B D R B' D2 R2 D' B2 R' B PASS
31462751111111,6953116,True,11 R B D' R2 D B' R D B2 R2 D' PASS
31462751113322,6003887,True,11 R B D' B' D R2 D B R2 B2 D' PASS
31475261322233,6295183,True,11 R B2 R' D2 B2 R' B D B' D2 B PASS
31475262331313,7529592,True,11 R D2 R2 B2 D' B' R D' R2 D R' PASS
31475262333221,6261655,True,11 R B2 R2 D2 B' D' B D' R2 D R' PASS
31524673332122,8908077,True,11 R D' R' D' R B' D' B2 D' R' B PASS
31527643332122,5236495,True,11 R B R' B R B' R D' B2 D2 R PASS
31564272212111,10017252,True,11 R2 B D2 B2 R D' B' D B2 R B PASS
31564272213311,5821537,True,11 R B D R' D R2 D' B R' D R2 PASS
31564273113311,6346685,True,11 R B D B' R B R2 B2 D' B' R PASS
31572461122133,6469638,True,11 R B R2 D2 B R2 B R D' B R2 PASS
31624751112233,5501489,True,11 R B R2 D' R2 B D' B' D B' R2 PASS
31624753312211,5394978,True,11 R B R D R D2 B R' B D2 R2 PASS
31627452221333,8390142,True,11 R B' R' B R' D B2 D R' D B2 PASS
31654272313322,9159306,True,11 R B' R B2 R D' R B' D2 B R2 PASS
31754621331122,8043048,True,11 R2 B R2 B D2 R B D' B D' B' PASS
31765242322121,7905551,True,11 R B' D B' D2 R B' R D R2 D PASS
32145671111111,10945396,True,11 R2 B' R B' D' B D2 B D R D' PASS
32145671123333,6326740,True,11 R B2 R' B R2 D' R' D' B R' B' PASS
32145671132222,5941162,True,11 R B2 R' D B' R2 D2 R' B' D2 B' PASS
32145671221112,6368766,True,11 R B' R D2 B R2 B' R B' D2 B2 PASS
32145671333333,6318070,True,11 R B2 D' B D R' B R' D2 R' D PASS
32145672113333,5947922,True,11 R B D2 B' D R2 B' D' B R2 B2 PASS
32145672212222,6024394,True,11 R B D' R2 B2 D' R D B R2 D2 PASS
32145673112222,5389336,True,11 R B R' B2 D2 R D' R' D B' R PASS
32145673311113,6144355,True,11 R B2 R D B' R D2 R' B2 D R2 PASS
32146751232323,6126879,True,11 R B2 R D B2 D2 B' D R2 B' R' PASS
32146752232223,7528873,True,11 R D R2 B' R B2 R' B D' R' B' PASS
32147562313223,5407776,True,11 R B R D' R D2 R' B R' D B2 PASS
32147562333233,9681000,True,11 R2 B R' B' D R D' R D2 R' B PASS
32147651123333,9500507,True,11 R B2 R D R D2 B D' R2 D' R PASS
32147651132222,8687707,True,11 R B R' B D' B2 R2 B R D B2 PASS
32147651213333,9820866,True,11 R B' R D R' B D2 R2 B' R D2 PASS
32147651312222,9025568,True,11 R B D R' D2 B2 D' R' B R2 D' PASS
32147652113333,8789682,True,11 R B R B' D2 R2 D B D B' D2 PASS
32147652231332,8533889,True,11 R B R D' B2 R2 B R D B' D2 PASS
32147652233213,11220343,True,11 R D B2 R2 D2 B R B' D R' D' PASS
32147652331322,9256547,True,11 R B2 R2 B' R' B R' D B' R B2 PASS
32147652332213,10861487,True,11 R D R2 B2 D2 R D B' D B' D' PASS
32147653112222,8858481,True,11 R B D B2 D2 R' B D' R D B2 PASS
32156471111111,7015889,True,11 R B D' B D' B D2 B2 D R' B' PASS
32156471113211,5605157,True,11 R B R' B D2 B' R B R2 D2 B2 PASS
32156471232332,5170970,True,11 R B R' D' R D2 R B' R D2 R' PASS
32156472312332,5457632,True,11 R B D' R B' D' R2 B2 D' R B' PASS
32156472332132,5372974,True,11 R B D B' R B' R D2 R' D2 B PASS
32156472332321,5902153,True,11 R B2 R' D B2 D' R D2 B' D' R2 PASS
32156472333332,6097797,True,11 R B2 R2 D2 R' D B D2 B2 R2 B' PASS
32156473223123,5015349,True,11 R B R B' R B2 R' D2 B R' D PASS
32156741112323,10209819,True,11 R2 B R' B D R2 B' D R B2 R' PASS
32156742311123,5515554,True,11 R B R D B2 R' B R' D' B2 D2 PASS
32156742313223,6543948,True,11 R B2 D' B D' R D2 R D R' D2 PASS
32156742333131,5539528,True,11 R B R B2 R B R' D B2 R D2 PASS
32157641232323,6168216,True,11 R B2 R B' D2 R D B D2 R' D2 PASS
32157642231323,6205694,True,11 R B D2 B R B' D2 R B D B' PASS
32164571111111,7629634,True,11 R B' R D2 R' D2 B D' B' R' B PASS
32164571111231,5342973,True,11 R B D B' D2 R D2 R' B R' B PASS
32164571232323,5498472,True,11 R B R2 D' B R' B R B D' R2 PASS
32164572232223,6539046,True,11 R B' R B' D R D' B D B' D' PASS
32164572232313,6525933,True,11 R B' R D' R B2 D' R' B D2 B' PASS
32164572233321,6382478,True,11 R B' D2 R B D2 B R2 B D' B2 PASS
32164572312323,6158005,True,11 R B' R2 D B R2 B R2 B D' R2 PASS
32164573323212,5822120,True,11 R B2 R B' D B2 D2 R B R2 B' PASS
32165741111111,9180921,True,11 R D B' D B' D B2 D2 B R' B' PASS
32165741111132,5938529,True,11 R B D2 B D' B' D R' D' R2 D PASS
32165741233223,5715960,True,11 R B2 R B2 D2 R' B D' B2 R2 D2 PASS
32165742211112,7469309,True,11 R B' D2 R D' B' R D B' R D2 PASS
32165742331112,5496897,True,11 R B R2 B R' D R' B' R' B R2 PASS
32165743311131,5815017,True,11 R B R B2 D2 R2 B R' B2 R B' PASS
32167451111111,7659175,True,11 R B' R B R' D2 R' D' R' B D2 PASS
32167451213333,6135230,True,11 R B2 D' R' B D' R B2 D' B D' PASS
32167451222222,5883867,True,11 R B D' B2 R D B2 D B2 D2 R PASS
32167451312222,5846993,True,11 R B R' D2 R' B2 R D2 R D B2 PASS
32167451333111,5657812,True,11 R B D B2 R' B2 R B2 R2 D' B PASS
32167452211121,6040898,True,11 R B D2 R2 D R2 D' B D R2 B' PASS
32167453222313,5222756,True,11 R B R D B2 R B2 R B' R2 D2 PASS
32167453313333,6028140,True,11 R B D2 B' D' B2 R B' R' B2 D2 PASS
32167453321232,5948232,True,11 R B D2 B R' B D2 R' B R B' PASS
32174561112323,7453347,True,11 R B2 R' D' B R2 D' B' R B' R2 PASS
32174561232113,7788303,True,11 R D R' D2 B R' B' R' D2 R2 B PASS
32174561232233,6890459,True,11 R B' R' D2 R' D' R2 D B D2 R' PASS
32174562231212,6242437,True,11 R B R' D2 R' B D R B2 R2 B PASS
32174652312332,5364254,True,11 R B R2 B2 D' R D' R2 D' B2 D' PASS
32174652332132,5472213,True,11 R B D B' R B' R D2 R' D2 B' PASS
32175461111111,7861995,True,11 R B' R B2 R' D B' D R2 B2 D2 PASS
32175461113112,5480377,True,11 R B D2 B R' B R B2 D' B R' PASS
32175461221112,5660898,True,11 R B R2 D R' D R2 D2 B' R D2 PASS
32175461333111,5844266,True,11 R B D R' B2 R D' B2 R B' R PASS
32175462233111,6158858,True,11 R B D2 R' B2 R B R2 B' D2 B PASS
32175462312323,8206152,True,11 R2 B R2 B' R D R2 D2 R B R' PASS
32416753121222,9699499,True,11 R D R2 B' D' B2 D' B D R2 D PASS
32417562113321,9279652,True,11 R B' R D' B' D B2 D R D' B PASS
32417652132131,5715110,True,11 R B2 R' D B2 D B2 D2 R' D B' PASS
32417653132121,4961727,True,11 R B R B2 D2 B' R' B2 R' B2 R PASS
32451762331121,5061158,True,11 R B R' B' D B2 D R2 B' R2 B PASS
32456173212332,6534577,True,11 R B D B D2 R B' D2 R2 B' D PASS
32456711233133,12321244,True,11 R2 D B2 R2 D' B' R B' R B2 R PASS
32465172112121,6262903,True,11 R B2 R2 D2 R' B R D2 R2 B2 R' PASS
32465172132131,5145104,True,11 R B R B' R D' B R2 B' D2 R PASS
32465172133121,5384636,True,11 R B R' D B' D' R2 B2 D' B R' PASS
32465172332321,6017773,True,11 R B2 R' D R2 D' R D2 B' D' B2 PASS
32465173123121,5646756,True,11 R B2 R D' R2 D' B2 R B2 R' D PASS
32465173132121,5808228,True,11 R B2 R2 D2 B R' B' D R' B R2 PASS
32465173133111,6281695,True,11 R B2 D2 R2 B' D R' D R2 B' R PASS
32465173233221,6723409,True,11 R D R D' R D' B' R2 D2 B' R PASS
32475161232323,6888577,True,11 R B R2 D2 B R2 B R D' B R PASS
32475163331222,7073272,True,11 R B R' B2 D2 B R' B2 R' B2 R2 PASS
32476513232231,5966408,True,11 R B' R D' B R2 B2 D2 B' R D PASS
32517463131311,9719619,True,11 R D2 R D R' D B' D2 B' D R' PASS
32546713323212,6532321,True,11 R B D B D' R2 B2 R' B2 D' B PASS
32547611121113,6044789,True,11 R B D2 B2 D B' D B2 D2 B R' PASS
32547611131112,5609899,True,11 R B R2 B2 R D' R B2 R2 B R' PASS
32547611213111,5735371,True,11 R B R' B' D2 B' R2 B R' D' R PASS
32547611312111,6005654,True,11 R B D' R' D2 R' B2 R B' D' R PASS
32547612111311,5838592,True,11 R B R' D' B R2 B' R B D B2 PASS
32547613111211,5732367,True,11 R B R D' B2 D R2 D R B' R' PASS
32561471113133,6594269,True,11 R B' R B' D2 R D R2 B' R B' PASS
32561471121311,5912255,True,11 R B D2 B' R B R D' B R' D2 PASS
32561471122211,6389422,True,11 R B2 R' B2 R D' R' B D2 R D2 PASS
32561471131211,5969453,True,11 R B2 R2 B R D' B' D B' D' R PASS
32561471211131,7565455,True,11 R D2 R2 B' R' B R' D2 R B' D2 PASS
32561471311121,6049587,True,11 R B2 R2 B R' B D R' B D R PASS
32561472133313,5731457,True,11 R B R' D2 B2 R' B D R B2 D2 PASS
32561472213122,5711765,True,11 R B R2 B' D R2 B' D' R B2 R2 PASS
32561473222223,5414251,True,11 R B R B' D2 B R' D' B2 D2 R2 PASS
32561473323212,5490581,True,11 R B R2 B' D B' D2 R2 B' R' B2 PASS
32567412122222,6329977,True,11 R B R2 D' R B R B2 R2 D' R PASS
32567412131312,7836381,True,11 R B' D R' B2 D2 R D R' D B2 PASS
32567412222212,9626506,True,11 R D' R2 D' R B R B2 R2 B R PASS
32567413131212,6214759,True,11 R B R2 B2 R' D' B2 R D2 R' D2 PASS
32567413133333,7622570,True,11 R B' D B' D2 R2 B D B' R B2 PASS
32576142313223,6191231,True,11 R B2 R' D R2 D' R D2 B' D' B PASS
32615473332122,6392037,True,11 R D R2 B' D2 B' D R' B2 D2 B PASS
32647152133121,7289503,True,11 R D2 R' D2 R' B D' B2 R2 B' R PASS
32647153132121,5000219,True,11 R B R' D2 B2 D B2 D B2 R D PASS
32647512333233,10135699,True,11 R2 B2 R' D' B' R D2 R B2 R' B2 PASS
32657143121213,7656416,True,11 R B R B' D B' D R' D B2 R PASS
32657412111212,7519835,True,11 R B R D2 R B D B2 R' B R PASS
32671453123313,7884009,True,11 R B2 R2 D2 B' R2 B' D' B D' B' PASS
32674152113333,9103975,True,11 R D2 R2 D B2 D2 R2 D' B2 D2 R PASS
32714652332132,5804845,True,11 R B R D2 R' D R2 B' R2 B D' PASS
32716452123212,8677743,True,11 R B' R D' B' D B2 D R D' B2 PASS
32741651121311,7909438,True,11 R D2 R' B R D B' R D' R2 B PASS
32741651131211,6253505,True,11 R B2 R' D R B R' D R' D2 B PASS
32741651211131,5819796,True,11 R B R' D' B D2 R' D2 R' B R' PASS
32741651311121,6049297,True,11 R B D' R2 D' B2 R B' D' B R' PASS
32741652111113,6380352,True,11 R B2 D B' R D' R2 D R' B' R PASS
32741653111112,6367878,True,11 R B2 R2 D2 B D' B R' D2 R D' PASS
32745611223332,5603797,True,11 R B R2 D B2 R' D' R' B2 R' D' PASS
32745612313322,6496935,True,11 R B R2 D B2 R' D' B' D2 B' R' PASS
32745612322331,5462110,True,11 R B R B2 R D B' D2 B' R' D2 PASS
32751643321232,6718447,True,11 R B D B' R2 D2 B R' D' R D2 PASS
32754163211123,5765376,True,11 R B R2 D B' R2 B' R' B R2 D' PASS
32756141233121,6900967,True,11 R B2 R2 B D2 B R2 D' B D2 B2 PASS
32761452121313,6385259,True,11 R B R' B2 D R2 D' B D' R2 D' PASS
32761452122222,6790259,True,11 R B2 R' B2 D B R2 B2 R' B' D2 PASS
32761452222212,6360657,True,11 R B D2 R' D' R2 D B D2 B D' PASS
32761453121312,8898591,True,11 R D' B2 R B D2 B' R' B2 R' B' PASS
32761453133333,6503250,True,11 R B D2 B2 D R D R' B2 R' B PASS
32765411112221,6285803,True,11 R B2 R' B R' B2 D2 B D' B R2 PASS
32765411121113,5700511,True,11 R B R2 B' R D R2 D2 B D' R2 PASS
32765411131112,5442347,True,11 R B R D2 B2 D B D' B2 D' R2 PASS
32765411133113,5951807,True,11 R B2 R' B R D' R2 B2 R B2 R PASS
32765411331113,5948162,True,11 R B2 R' D R D' R2 B2 R D2 R PASS
32765412221312,5659904,True,11 R B D' B' R B' D' B R2 D' R2 PASS
32765412323222,5875139,True,11 R B D2 B2 D' B' R2 D R D2 B' PASS
32765413122212,5404677,True,11 R B R' D' B R' D' R B2 D' R2 PASS
32765413223312,5375180,True,11 R B2 R D R2 D2 B D' R D2 R' PASS
32765413231223,6380211,True,11 R B2 D' R' B D2 B D B2 R2 B PASS
32765413322312,5312578,True,11 R B2 R B D2 B2 R B' R B2 R' PASS
34125672131213,6110571,True,11 R B R2 B D R2 D' R' D2 B D' PASS
34125672131312,6797310,True,11 R B2 R' B2 D B D2 B2 D' R' D2 PASS
34125672221222,6367325,True,11 R B R2 D2 R' D' B' D B2 R' D PASS
34125673133333,6986022,True,11 R B2 R' D2 B D R2 D2 R' D' R2 PASS
34127651121113,5686273,True,11 R B R2 B' R D' B R2 D2 B2 D PASS
34127651131112,5613008,True,11 R B R B' R D' R2 B2 D R' B PASS
34127651213111,5770620,True,11 R B R' B' D2 B' R2 B R' D' R' PASS
34127651312111,6030695,True,11 R B D' R' D2 R' B2 R B' D' R' PASS
34127652111311,5667020,True,11 R B R2 D2 R' D2 R' B D2 B' D' PASS
34127653111211,5709270,True,11 R B R D' B2 D R2 D R B' R PASS
34162752132212,11684075,True,11 R2 B D R' B D' R D' R D2 B PASS
34165271112212,6940318,True,11 R B' D2 B' R B2 D2 R D' B2 R PASS
34165271121311,6420839,True,11 R B2 D' R' D2 B D B2 D2 B' R' PASS
34165271131211,6011245,True,11 R B2 R B' D R D2 B2 D B D2 PASS
34165271211131,7388972,True,11 R D B' D B R D' R2 D R' D2 PASS
34165271311121,5642007,True,11 R B R' D R D B' R2 B R' D2 PASS
34165271311133,6206376,True,11 R B2 R B2 R2 D' B D R' D2 R PASS
34165272323333,5782107,True,11 R B R2 D2 R D2 R' B D B2 R' PASS
34165273133312,7264653,True,11 R D B' R2 B' R' B2 R D' R2 D2 PASS
34165273222322,5202670,True,11 R B R2 B R2 D2 B R' B' D B2 PASS
34165273311131,5702961,True,11 R B R D2 B' D' R B' D R2 B PASS
34167252213323,6647827,True,11 R B R' D' R B D2 R2 B2 D R PASS
34172562132332,6601312,True,11 R B2 R D' B D' B' R2 B' R2 D2 PASS
34172562313331,7051036,True,11 R B2 R B' R B' D' R2 D' R2 B2 PASS
34175263321232,6741937,True,11 R B2 R' B D2 R' B D B D' R2 PASS
34216572213122,9116386,True,11 R D2 R2 D R2 D2 B2 D' R2 D2 B PASS
34261572132131,5115440,True,11 R B R B' R D' B R2 B' D2 R' PASS
34261572133121,5364775,True,11 R B R' B' R2 D2 B' D B R' D PASS
34261573123121,5484273,True,11 R B D' R' B D' R B2 D' R' B2 PASS
34265712212132,8556633,True,11 R D R2 D2 R' D R2 B' R2 B R PASS
34275161312213,6372576,True,11 R B R B2 R D' B' R B' R2 B' PASS
34275162112322,6148198,True,11 R B D2 B' R B2 D2 R B' R D2 PASS
34275162213221,6756151,True,11 R B' R B' R2 B' R' D' R D2 B PASS
34516271111111,6566504,True,11 R B D B' D2 B' D' R' B R2 D' PASS
34516272312332,7225864,True,11 R D2 R' B2 R' B D' R2 B2 R' B PASS
34516722313223,8113604,True,11 R D2 R D B2 D' B' D2 R B R PASS
34517622231323,6757381,True,11 R B2 D2 R D2 R B' R' B' D2 B' PASS
34521672223232,6253409,True,11 R B2 D R' B D' R2 D B' R' B PASS
34526713232312,5776486,True,11 R B R2 D' R' B' R B2 R B D PASS
34527612211322,9583731,True,11 R B2 R2 B' D R' B R' D B R2 PASS
34527612231122,9331992,True,11 R B D2 B2 D' R B2 D R2 D2 R' PASS
34527612231332,10247262,True,11 R B' D R2 D2 B' D B' R' D B2 PASS
34527612331322,9343976,True,11 R B2 R2 B D R' D R' D R' D2 PASS
34527613312133,9497702,True,11 R B2 R2 B' D2 R' D B2 D2 B' R' PASS
34561272122123,8888272,True,11 R B D R' B2 D2 B D B R' D2 PASS
34561272122321,9289223,True,11 R B2 R2 B' D' B R' D R' B R2 PASS
34561272212213,11246950,True,11 R D B2 R2 D2 B R D' B R' D' PASS
34561272213122,9212508,True,11 R B D B' D2 R2 D R B R' D2 PASS
34561272232211,10877742,True,11 R D R2 B2 D2 R D R' D B' D' PASS
34561273221233,8809230,True,11 R B R' D R' D2 B2 D R D R2 PASS
34561273233131,8732331,True,11 R B R' B' D B R2 B2 D2 B R' PASS
34561273311233,9134563,True,11 R B D B' R2 D2 R' D' R B2 D' PASS
34561273313321,10409058,True,11 R B' R' D2 B' R D' B2 R2 B' R PASS
34561273321133,9500590,True,11 R B2 R2 B D2 R' B R2 B2 R' B' PASS
34561273321223,8935219,True,11 R B D R2 D2 B' R B' R D R2 PASS
34561721111111,7123034,True,11 R B2 R' D' R' D B2 R D' R D' PASS
34562171321111,5775170,True,11 R B2 R B R' B2 D2 R D2 R' D' PASS
34562171321231,5630670,True,11 R B R B' D2 R D2 R' B R' B' PASS
34562172232313,7434538,True,11 R D R2 B' R D2 R' B D' B' R' PASS
34567212223232,7287058,True,11 R D R2 D' B R B2 D' R' D B PASS
34617252111212,8038727,True,11 R B R D2 R B D B2 R' B R' PASS
34617252123212,7963618,True,11 R B R B R2 D2 R' D' R2 B' D2 PASS
34617252132212,8519845,True,11 R B2 R' B' R B' D B2 D B' R PASS
34617522221333,7584017,True,11 R B2 R' D B' R' B R' B2 R B2 PASS
34621572132131,5995466,True,11 R B D R2 D' R D2 B' R2 B D' PASS
34625172111212,8593880,True,11 R B' R B2 R D' R B' D2 B R' PASS
34627512232313,6026006,True,11 R B D B2 R D2 R B' R B2 D2 PASS
34651271123111,5890032,True,11 R B2 D' R B D R2 D R' B' D' PASS
34651272332132,5626735,True,11 R B2 R' D R2 D B2 D2 R' D R' PASS
34675212222122,8794266,True,11 R B' D R' B2 D B' D B D2 B PASS
34715262221123,8664209,True,11 R B' D' R B' D R2 D R' D R2 PASS
34716522223211,7680094,True,11 R B2 D' R2 B D' B R' D B' D PASS
34721652121313,8233651,True,11 R D B2 D2 B' D' B2 R B2 R' B2 PASS
34721652131213,7442499,True,11 R B' R B R' D' B D B' D R2 PASS
34721652221222,8334424,True,11 R D B2 D2 B' D' R2 B R2 B' R2 PASS
34721652222212,7818373,True,11 R B' D R D' R' D R B' D B2 PASS
34721653333313,7355046,True,11 R B' R2 B' D B D R2 D2 R B PASS
34725611212211,6490341,True,11 R B2 D2 B D2 B R' D R2 D' R PASS
34725612111113,5593208,True,11 R B R2 D' R' D R' D2 B D B PASS
34725612121322,6463527,True,11 R B2 D' R D R' D B' D2 B' R PASS
34725612231212,6476486,True,11 R B2 D2 B R D2 R D R2 D' B PASS
34725612231332,5690619,True,11 R B D2 B' R D2 B' D' B D2 B2 PASS
34725612322232,6072880,True,11 R B2 R2 B R' D R B' R D B PASS
34725612331322,6005767,True,11 R B2 R' D B2 R' D' R' D R' B' PASS
34725613111112,6146875,True,11 R B2 R2 D2 B' D R' D R2 D' B PASS
34725613111133,5957740,True,11 R B R2 B' D B2 D' B R D2 B2 PASS
34725613132223,6004820,True,11 R B2 R2 D R D2 R B' D' R2 B PASS
34725613311113,5981265,True,11 R B D R B2 D2 R2 D B2 D' B PASS
34761252323222,5661976,True,11 R B R B' D2 B R2 B D R' B PASS
35126741232212,7217169,True,11 R B2 D2 B' R B' R2 D' B D' R2 PASS
35126742231233,7190770,True,11 R B2 D2 B' D B' R2 D' R D' R2 PASS
35127462331331,7614115,True,11 R B' R D' B2 R D' B D R2 D PASS
35162472122231,5728356,True,11 R B R' D2 R' B D2 B2 D' B2 R PASS
35162472123233,7316640,True,11 R B' R2 D R' D' R B D' B D2 PASS
35162473122221,5638582,True,11 R B D B2 R2 B' D' B' D R2 D2 PASS
35162473323131,5734905,True,11 R B R' D B2 R' B' R D' R2 B' PASS
35162473332122,6380402,True,11 R B' R B2 R D R D' R D2 R' PASS
35162473332131,5686948,True,11 R B D2 R' D' R D R2 B2 D2 R' PASS
35162742213323,7403291,True,11 R B R' B D R2 B2 D' R2 D B PASS
35167242132212,7247963,True,11 R B R2 B R D' B2 D' R' B2 D2 PASS
35172461232323,6885074,True,11 R B R2 D' B' D2 B' R' B2 D B PASS
35174262213131,8610077,True,11 R B' D B2 D' R D2 B' R2 B R2 PASS
35174262231113,7583048,True,11 R B2 R D B' R B2 D' R D R' PASS
35246171111111,6353322,True,11 R B R B2 R D' B' R B' R2 B2 PASS
35246171113322,5547206,True,11 R B R' B D2 B2 D B R2 B D' PASS
35246172213311,6180333,True,11 R B2 R' D B2 D' R D2 B' D' R PASS
35267141223233,5240904,True,11 R B D B' R' B' D R D' R D2 PASS
35267141321132,10946907,True,11 R' B D R' B2 R D' B R D2 B2 PASS
35271461322233,5691202,True,11 R B R2 D2 B2 D' B' R' B R2 D' PASS
35416721113112,5678482,True,11 R B2 R D B' R2 D2 B R2 B' D' PASS
35416723232213,7652337,True,11 R D R' D' B' D' R2 B D' B2 D PASS
35417622223133,8322244,True,11 R D R2 D' R B' R B2 R' B2 R PASS
35426712131132,6353654,True,11 R B2 R2 D B' R D' R2 D R2 B2 PASS
35426712311312,5626886,True,11 R B R2 B D2 B D' R' B R2 B PASS
35426713111313,6728215,True,11 R B2 R B2 R2 D B' R B2 R D2 PASS
35426713131113,6098325,True,11 R B R B2 D' R B R' B D' B' PASS
35426713312211,6446891,True,11 R B2 D' R D' R D2 R B R' D2 PASS
35461271111231,6611446,True,11 R B' D2 B R' D R2 B' D2 B R2 PASS
35461271321231,5625261,True,11 R B R2 D2 B R2 B R' D' R2 D' PASS
35461272222323,5835874,True,11 R B R2 B R B' R2 D B D R' PASS
35462171131313,6239364,True,11 R B R D2 B2 D' B' R2 B' D2 B2 PASS
35462171212121,6537893,True,11 R B D B2 R' B2 D B R2 B R' PASS
35462171221223,5395236,True,11 R B R D B D' B' D B2 R' B PASS
35462171332331,6045655,True,11 R B2 R' B R' B' R B D2 B D2 PASS
35462172213311,6450528,True,11 R B2 D' R B' D R2 D R B' D2 PASS
35462172223331,5877742,True,11 R B D R B2 D' R B' D' R2 D2 PASS
35462172312131,5705117,True,11 R B R' B2 D' B R D R2 D2 R PASS
35462173123211,5985444,True,11 R B D2 B R2 B R' D' R D2 R PASS
35462173131311,6676891,True,11 R B2 R D2 R2 B D' B R2 B D2 PASS
35462173221221,6447826,True,11 R B' R' D' B2 R B R B' D' B PASS
35462712322322,7196224,True,11 R B2 R2 B R2 B' D2 R B' D2 B2 PASS
35472163222313,5856590,True,11 R B D2 R' B D R2 D R' B' D PASS
35472163231322,6484496,True,11 R B2 R' B D2 R' B D B D' R' PASS
35476122221111,6656307,True,11 R B R' D B2 R' B R' B2 D2 R PASS
35614722321233,6929046,True,11 R B2 D2 R D2 R B' R' B' D2 B2 PASS
35617423131332,6329798,True,11 R B2 R2 D2 B' R' B D' B2 D B' PASS
35624712121232,9034031,True,11 R B R2 B D2 R' D B D2 B R2 PASS
35624712321212,10517033,True,11 R B' D R2 D2 B' D B' R' D B PASS
35624712321332,8852438,True,11 R B R' B R2 D R' B2 R' B R' PASS
35624712331232,8924418,True,11 R B R' D B' R2 D B' R B D2 PASS
35714623111322,7665620,True,11 R B D' B2 R2 B' R' D B' D R' PASS
35721642221213,11818727,True,11 R2 B D' R B' D' R D2 R D R' PASS
35762142222113,7104374,True,11 R B2 D2 B' D R' D2 B' R D' B2 PASS
36125471111333,6061363,True,11 R B D' B D' B2 D' B D R B2 PASS
36125471212112,8602182,True,11 R2 B R B2 R B' D B2 D R2 B PASS
36125471213111,5541785,True,11 R B R2 B2 R' D R2 B' D' B2 R PASS
36125471222111,8753977,True,11 R2 B R2 D B2 D B' R D2 R B PASS
36125471312111,5828833,True,11 R B D2 B2 D' B R2 D' B' D2 R PASS
36125472111311,5520828,True,11 R B R2 B2 R' D' B2 R B D2 R' PASS
36125472121223,5300784,True,11 R B R' B' R D' R' B R2 D' B2 PASS
36125473111211,5934732,True,11 R B D2 B2 D' B' D2 R D B2 R' PASS
36125473232222,6499100,True,11 R B2 D' B' R D2 R B R2 D2 R PASS
36125473323233,6278581,True,11 R B2 R' D B' R2 D2 R D' R B2 PASS
36125743222331,10155710,True,11 R2 D B' D' B' R D2 B' R B2 R' PASS
36127451333222,5487451,True,11 R B R B D' B2 R' D B D B PASS
36145272122222,7421208,True,11 R B' R B' D2 R2 B D R' D R2 PASS
36145272131213,9651280,True,11 R D' R2 D' B R B R2 B2 R B PASS
36145272131312,6602056,True,11 R B D2 R' D B R B2 R2 D' B PASS
36145273333313,7603609,True,11 R B' R' D R2 D2 R D' B' D R2 PASS
36147251121311,6244905,True,11 R B2 R2 D2 B R' D B' D2 B D PASS
36147251131211,6542294,True,11 R B2 D2 R' B R B2 R2 D B D PASS
36147251211131,6807686,True,11 R B' D R D2 B' D R' D R2 D' PASS
36147251311121,5697244,True,11 R B R2 B' D B2 D R2 D2 B' D PASS
36147252111113,7281690,True,11 R D R2 D' R B R2 D' R' D R PASS
36147253111112,6109411,True,11 R B D2 B' R B R2 D' R' B R PASS
36152741231312,8125563,True,11 R B' D' R D2 B' R D' B' D2 B' PASS
36152742131321,7160664,True,11 R B2 R2 B D2 B' R2 D R' D2 R2 PASS
36172452133133,8601029,True,11 R D R2 D2 R' D B2 R' B2 R B PASS
36217452131333,8341029,True,11 R B' R B' D2 R D' B R D2 R PASS
36217541223311,4892613,True,11 R B R2 B' D B R2 B2 R B D' PASS
36217543213112,5154774,True,11 R B D' R2 B' D R B' D R2 B2 PASS
36241573212332,5416179,True,11 R B R2 B2 D B' D' B R2 D B PASS
36241753212311,6246974,True,11 R B' R2 B' R D2 R D2 B R B2 PASS
36415272123212,7728471,True,11 R B D R2 D B D R2 B' R B PASS
36417522123311,6934876,True,11 R B R' B2 D' R B D' B2 R2 D2 PASS
36514272212111,9601169,True,11 R2 B R D' R D B2 D2 R' D' R PASS
36521472113321,6765726,True,11 R B D2 R B2 D' B' R' D2 R' B' PASS
36521472331121,5722209,True,11 R B D R2 B' D' R2 D' B R B2 PASS
36527411131133,5722685,True,11 R B R2 D2 B' D2 B D' B' R D2 PASS
36527412111113,5638364,True,11 R B R2 D' R' D R' D2 B D B' PASS
36527412131222,6623173,True,11 R B' R' D R' B' R D2 B' D2 B PASS
36527412211322,6685953,True,11 R B2 D' B' R D' R B2 D' B R' PASS
36527412221312,5804134,True,11 R B D2 B' R' B2 D R' D' B2 R2 PASS
36527412231122,5865597,True,11 R B R2 D' R2 D R D2 B' R2 D' PASS
36527412322232,5959706,True,11 R B D' B D R D' R2 D B' R2 PASS
36527413111112,5949079,True,11 R B D2 B' R B R2 D' R' B R' PASS
36527413311311,5573209,True,11 R B R B D2 R B2 R B' D2 R2 PASS
36541272323222,5600036,True,11 R B R B' D2 B R2 B D R' B' PASS
36542712121322,8716461,True,11 R B2 R D2 R2 D' B2 R B2 R2 D' PASS
36547212121313,7345340,True,11 R B' R D2 B' D2 B R' B D2 B' PASS
36547212122222,7782467,True,11 R D R2 D2 R D R B' R2 B' R PASS
36547212131312,7816582,True,11 R D R2 D2 R D B R' B2 R' B PASS
36547212221222,7418350,True,11 R B' R2 D2 R D R B' R2 D R PASS
36547213331333,6684384,True,11 R B2 R' B D' R2 D B2 R' D R' PASS
36712542121112,9100236,True,11 R B R' D2 B2 D B R D' R' B PASS
36712542121121,8543470,True,11 R B R2 B R B2 D B2 D2 B' D' PASS
36712542121211,10033637,True,11 R B' R B2 R2 D' R B' R' D R PASS
36712542122111,9003745,True,11 R B D' R B' R2 D R' D R D2 PASS
36714252232223,5829266,True,11 R B R B2 D B2 D R' B R2 D2 PASS
36714521232113,8048680,True,11 R D B' D2 R D' B' D' B2 D2 R PASS
36714522121322,8003019,True,11 R D B' D2 B' D R D R2 D2 R PASS
36714522122213,6484306,True,11 R B D' B2 D' B R D R2 D2 R PASS
36714523132223,6594236,True,11 R B2 R B' D2 R B D2 R' B' D PASS
36714523132322,6470780,True,11 R B2 R B D' R B R B2 D B2 PASS
36721451131331,5685686,True,11 R B D' B D' B2 R2 D B D R' PASS
36721452121322,6493698,True,11 R B2 D' B R D' B R' D2 R' B PASS
36721452122123,5422321,True,11 R B R2 B' R B2 D' B' R D2 R2 PASS
36721452122213,6487797,True,11 R B2 D2 B R B2 R D R2 D' R PASS
36721452122321,6074982,True,11 R B2 R' D R2 B' D' R' D B' R' PASS
36721452131111,6005933,True,11 R B2 R2 B D' B D B' R D R PASS
36721452223232,5810152,True,11 R B D2 R' D' R D' R2 B D R PASS
36721453113113,6321491,True,11 R B' R D' B2 R D R2 B' R D' PASS
36721453121111,7673343,True,11 R D2 R2 B' D' B R' D2 R D' B2 PASS
36725411121212,9669085,True,11 R B R2 B D B2 D2 B' R' D R' PASS
36725411131313,9698900,True,11 R B R2 D B' R2 B' D B' D R2 PASS
36725411212121,9725692,True,11 R B R2 B D R' D B' R' D2 R2 PASS
36725411313131,9770384,True,11 R B R2 B2 R' D' R2 D' B' R B' PASS
36725412111212,10475066,True,11 R B2 R D R' B R' B R2 B2 R' PASS
36725412121112,9679643,True,11 R B R2 B R D' R B' R' D2 R2 PASS
36725412121211,9974638,True,11 R B2 R B D' R B' D R2 D2 R' PASS
36725412121232,9729524,True,11 R B R2 B R B2 R2 B' D' R B' PASS
36725412123212,10314350,True,11 R B2 R D B' R B' R B2 R2 B' PASS
36725412321212,10138842,True,11 R B2 R B R' B R' D B2 D2 B' PASS
36725413111313,11166312,True,11 R B' R2 B' D' B R' B R' D2 R2 PASS
36725413131113,10033264,True,11 R B D2 R B' D2 B' D R' D R2 PASS
36725413131311,11727098,True,11 R B' D2 B' D' B D' B R' D2 R2 PASS
36741252122123,9827128,True,11 R B' R B2 R2 D' R B' R' D R2 PASS
36741252122321,9184001,True,11 R B2 R2 B R B' R D' R B' D2 PASS
36741252122333,8850699,True,11 R B R2 B2 R' B R2 D B2 D2 B' PASS
36741252123323,9470880,True,11 R B2 R2 B' R D' B R' D R B2 PASS
36741253233131,9354612,True,11 R B2 R2 B R' D B' D R' B D2 PASS
36745211211221,5297458,True,11 R B R2 B D' B R2 D' R B R' PASS
36745212121223,5518865,True,11 R B R2 B' R' D2 B R' D' R2 B2 PASS
36745212122312,6897469,True,11 R B' D' B D' B' D B2 R' D2 R PASS
36745212122333,5855644,True,11 R B R D' R2 B D' B2 D B2 D2 PASS
36745212123323,6586162,True,11 R B2 D' R' D B' R B2 D' R B' PASS
36745212131111,5539097,True,11 R B R' B D B D' R2 D R' B2 PASS
36745212223232,5817436,True,11 R B D2 R' D' R D' R2 B D R' PASS
36745213121111,7144265,True,11 R D R' B D R B' D2 B R' B2 PASS
36745213131131,5431826,True,11 R B R B2 D' B' R B' R B2 D PASS
36745213133111,5962464,True,11 R B2 R D2 R2 B' R B R' D2 R PASS
36745213232213,5684335,True,11 R B R D' R D2 R' B2 D R' D PASS
36751243222322,5973969,True,11 R B D B2 D B' D' R' D2 B D PASS
36752142122132,6373672,True,11 R B2 R2 D R' B D' R2 D B2 R2 PASS
36752142123221,5971075,True,11 R B D2 B D2 B D' B' R B2 R PASS
36752143132232,5318151,True,11 R B R B D B' D' B D2 R' B PASS
36752143133222,6480365,True,11 R B' R' B' R2 D B D R' D' B PASS
36752143211132,6036066,True,11 R B D' B D2 R' B' D R' B2 R2 PASS
36754123232222,10433100,True,11 R B' D B2 D' B R' B D R' B2 PASS
37246511112233,7302489,True,11 R D R' D' B D2 B D R2 D2 B' PASS
37256142321233,6878954,True,11 R B D' R B2 D' R B' R2 D2 B PASS
37415622333221,7744821,True,11 R D2 R' D B R D' R2 B D' R' PASS
37426513132313,8926282,True,11 R B R2 B' R2 B D' R2 D' B D2 PASS
37452162323312,6392455,True,11 R B R D B' D2 R2 D' R2 B' R PASS
37516422333311,6073421,True,11 R B D R2 D2 R D' B R' D B PASS
37561241311112,5889030,True,11 R B2 D' R B' D' R D2 R B D' PASS
37612453122233,5980882,True,11 R B R' B2 D B' R' B' D R2 D' PASS
37612542221111,7006611,True,11 R B2 D2 R B2 R B' D' R' D2 R2 PASS
37614252221123,7667896,True,11 R B2 R' D R' B' R B' R2 B R2 PASS
37614521111111,7986865,True,11 R B' D R2 D' R2 B D' R' D' R PASS
37614521323232,5234654,True,11 R B D R' B2 D R2 D' R D' B PASS
37614522111221,5931452,True,11 R B2 R B' R D' B' D R2 D' B PASS
37614522113321,6732136,True,11 R B' R2 D2 B' D B' D2 R B' D2 PASS
37614522313322,7015526,True,11 R B' D2 R2 B' R B' R2 D R' D2 PASS
37614522323312,5889954,True,11 R B2 R B' D R' B' D R2 D' R PASS
37614523232213,6629024,True,11 R B' R D' B R D' B R B' D' PASS
37615421113322,7446773,True,11 R B2 R' D B' R B' D R' D2 R2 PASS
37615422211133,7392916,True,11 R B2 R D' R B' D R' B' D2 B2 PASS
37615422223133,7490914,True,11 R B2 R D' B D' R D' R' D2 R2 PASS
37615422313121,6964382,True,11 R B R B' D2 R' B R' B D' B' PASS
37615422313331,7474462,True,11 R B D B' D2 R' D R' B D' R' PASS
37615423121132,7900782,True,11 R B2 R2 B' D B2 R' D2 R D2 B' PASS
37624152311213,7660446,True,11 R B2 D' B2 R D' R B' R B' D PASS
37624511232233,6904294,True,11 R B' R' B2 R' B' D2 B D B2 R' PASS
37624512121322,7966811,True,11 R D B' R2 B' R B D B2 D2 B PASS
37624512231212,6154798,True,11 R B R' B2 R' D B D B2 D2 B PASS
37624513131323,6555092,True,11 R B D R B2 D2 R2 D B2 D' B2 PASS
37624513231313,6390964,True,11 R B R2 B' D B2 D' B R D2 B' PASS
37641252222323,6783299,True,11 R B2 D2 R B2 R B' D' R' D2 R' PASS
37642152213311,7994376,True,11 R D2 R B R2 B' R' D2 B R B PASS
37642513122221,6892973,True,11 R B2 R' B D' B D2 B2 R2 D' R' PASS
37645122312221,5796184,True,11 R B R D2 R2 D R' B R' D R PASS
37651242211133,8286141,True,11 R D R2 D' B R' B R2 B' R2 B PASS
37651422312311,7780490,True,11 R D2 R' B D R D' R2 B D' B' PASS
37652141113232,5604804,True,11 R B R D' B2 R D2 R' D R' B' PASS
37652143231322,6323691,True,11 R B2 R D' B2 R2 B' R D R2 D PASS
37654212311222,7304675,True,11 R B D' B2 R' B R D' R2 B2 D2 PASS
41236753232321,6175118,True,11 R B' R' B R' D2 B' D R D B2 PASS
41237561313131,8722871,True,11 R B2 D2 B' D B' R B2 R' D2 R PASS
41263751312222,9439518,True,11 R D2 R2 D B2 D2 R2 D R2 D2 B' PASS
41325671212211,6309105,True,11 R B D2 B' R2 D R' D2 R B D' PASS
41325762313223,5884390,True,11 R B D2 B2 R2 D' R' B R' B D2 PASS
41325763131233,5618523,True,11 R B R B2 D2 R' B D' R' B2 D2 PASS
41352671212112,8805914,True,11 R B R' B' D B' D2 R2 D R' B PASS
41352671212121,9070142,True,11 R B R' D B2 D2 R' D B' R' B PASS
41352671222111,9136049,True,11 R B D' R' D B' R2 D2 R D' B PASS
41357622313112,5036586,True,11 R B D B' D2 B R' B R B2 D2 PASS
41367253111133,8265645,True,11 R B' R2 B R2 B2 R B2 D B2 D' PASS
41532672313211,11051616,True,11 R2 B' R D R' D2 R' D' B' D B2 PASS
41532761233133,7426621,True,11 R B D2 B2 D' R D2 B' R2 B D PASS
41563273113311,6625366,True,11 R B R2 B2 D R' D' B D2 R B PASS
41576322212222,8173064,True,11 R B D B' D2 B R' D B R' B2 PASS
41625372313211,17542088,True,11 R' D R' B D B2 R' D B D2 B' PASS
41625373121213,6192770,True,11 R B R D2 R' D' R2 B D' R' D' PASS
41625731222231,7240201,True,11 R B D' B' D2 B' R' D2 B R2 B' PASS
41635721212121,10611704,True,11 R D2 R' D' R D' B R2 B D' B PASS
41657321222312,6676521,True,11 R B R' B R' D B2 D R' D B2 PASS
41673252212222,8622962,True,11 R B D2 B' R2 B' R B D' R D2 PASS
41673521111111,6977025,True,11 R B D' R2 D B' R D' B2 R2 D2 PASS
41723562313211,6691157,True,11 R B R' B R2 D R' D' B' D2 B' PASS
41725361232113,7582611,True,11 R B R' B2 D2 B D R D' R2 B PASS
41725361321213,9163269,True,11 R D B2 R2 D' R' D R' B R2 B PASS
41725362221213,7844996,True,11 R B2 D' R2 D B2 R' D B2 D2 B' PASS
41725362313211,8443677,True,11 R B R2 B D2 B2 R2 B R2 B' D' PASS
41725362313223,8528824,True,11 R D B2 R' B R B2 D2 R D' R' PASS
41725363121222,7310213,True,11 R B D' R D' R B2 D B' R' B' PASS
41725363121231,7000671,True,11 R B R2 D2 B' R' B D' B R2 B PASS
41725631111111,8326753,True,11 R B' D' R' D R2 B' D2 B D' B PASS
41725631211122,6495769,True,11 R B2 R' D R' D2 B2 R' D' R2 B' PASS
41725632322331,5695288,True,11 R B2 R' B D2 B' R D2 B' R' B2 PASS
41725633111133,6137996,True,11 R B D R' D B2 D' B2 R B' R PASS
41725633121123,5929890,True,11 R B2 R B' D R D2 B' R B D PASS
41725633211111,6785031,True,11 R B' D B' D2 B R2 D' R D B PASS
41726352313322,6450966,True,11 R B R2 D2 B R' B' R' D2 R2 B' PASS
41726532312233,8031119,True,11 R B2 R2 D' B R' B2 R' B' D R' PASS
41735261323313,8043302,True,11 R D' R D' R2 D' R' B' D B2 R PASS
41735262312233,7527271,True,11 R B2 D' B2 D' B R' D2 B2 R' B PASS
41735263123223,6072780,True,11 R B D' R2 B D' R' D' B D2 B' PASS
41735621233232,6331308,True,11 R B R B' R B2 D' B2 D R B2 PASS
41735622313322,7376975,True,11 R B R2 D2 B D2 B R D' R D PASS
41736521233232,7579555,True,11 R D2 B D2 B' R D' R D' B' R PASS
41736522332231,5864371,True,11 R B D2 R2 B' R D' B D R' D' PASS
41752631222123,5542415,True,11 R B R B2 R B2 R D' B' R D2 PASS
41752632311123,6065457,True,11 R B2 R' B' R D2 B' R' B' R D2 PASS
41752632312323,5579125,True,11 R B R2 D2 B D' B D' R2 D R' PASS
41752632313211,20838251,True,11 B2 R B' R D R2 B' R B D2 B' PASS
41756231321213,8771614,True,11 R D2 R D R2 D B' D' R2 B2 D' PASS
41756233121231,6849976,True,11 R B2 R B D2 B R' D' R2 B2 D' PASS
41762532221333,7651337,True,11 R B' D R2 D' B D2 R' D2 R D2 PASS
41762533123331,7028785,True,11 R B2 R B D' R B2 D' B R D' PASS
41765231233232,6251056,True,11 R B2 D B' R' D2 B R2 B D2 B2 PASS
41765322221312,5670691,True,11 R B R' B R2 D' B2 D' B D' R' PASS
41765322313211,12179044,True,11 R2 D2 R B' R B R2 D' B D B2 PASS
41765323122212,5974926,True,11 R B D' R B2 D' R2 D' B D' B' PASS
42136752131312,8149511,True,11 R B D R' B D' R D' R D2 B PASS
42137561123333,7704255,True,11 R B2 R2 B R2 B2 D2 B' D2 B2 R PASS
42137653122131,5806607,True,11 R B2 R' D2 R' B R' D2 B2 D' R PASS
42137653132121,4893702,True,11 R B R2 B R' B D' R D2 B' R PASS
42157633231322,7728088,True,11 R B2 D' B2 D B D2 R2 B' R' D2 PASS
42163751121212,8947595,True,11 R B' R2 D' R' B R D' B2 D R PASS
42165373223123,4853744,True,11 R B R2 D' R2 D' B D' R2 B2 R PASS
42167532131333,8374537,True,11 R B2 D2 B' R D' R D2 R' D2 R PASS
42315673112111,5211579,True,11 R B R' B2 D' B D' R' D R2 D PASS
42351671212211,7521568,True,11 R B' R D B2 D' R B2 D' R2 D PASS
42351763231133,11065307,True,11 R2 B D2 R2 B' D' R B' D R2 D PASS
42367153111121,5337325,True,11 R B R' D2 R B' R B R2 D2 B2 PASS
42367153211123,5846496,True,11 R B R2 B' D B' R2 D R2 D' R2 PASS
42516372233111,7296684,True,11 R B2 D' R2 D' R D' B2 R2 D' B PASS
42561733323122,5164929,True,11 R B R D2 B2 R B R2 D2 B' R' PASS
42573612323231,6423264,True,11 R B2 R B2 R' B2 D2 R' B2 R2 D' PASS
42573613322231,5950624,True,11 R B R2 D' R' D' B R' B D' R2 PASS
42613572313211,6681409,True,11 R B R' B2 R' D' B' R D2 B R' PASS
42615371313332,10777113,True,11 R2 B D2 R2 B2 R' B D' B D2 B' PASS
42615372213311,8597032,True,11 R D B2 R' B D R2 B2 D B' R' PASS
42615372221213,7845472,True,11 R B2 D' B2 D R2 B' R B2 R2 B' PASS
42615372313211,8712276,True,11 R B D2 B D2 B2 R2 B D2 B' D' PASS
42651372213311,5688048,True,11 R B R2 B2 D2 R' D' R D' B D2 PASS
42651733311122,7144825,True,11 R B' R B2 D' R D R' D B2 D2 PASS
42673512232133,7844490,True,11 R D B R2 B R B2 R' D' B2 R PASS
42751632321233,7605430,True,11 R B' D' B2 D B R2 D' R2 D R2 PASS
42751632323231,6085197,True,11 R B D' R2 B2 D' R' B D' R B PASS
43126572133313,8220377,True,11 R B R2 B' R2 B' R D B' R D2 PASS
43167251232212,6955704,True,11 R B R' B R' B D' R2 B2 D' R' PASS
43176252123131,5752870,True,11 R B R' B2 D R B R2 D' R D2 PASS
43176252311132,6118364,True,11 R B D' B2 R B D R2 B' R D2 PASS
43216573132121,5125918,True,11 R B R2 B2 D' B R' D2 R' D2 R' PASS
43216573132223,5731198,True,11 R B R' B' R B' D B2 R' D' B2 PASS
43216573212311,5621802,True,11 R B R' D B2 D' R B' D' R D2 PASS
43216573212332,8116810,True,11 R2 B R2 B2 D B' D' B R2 D B PASS
43512671313332,6495015,True,11 R B R' D R' D2 R B R2 D' B PASS
43527612312323,5450956,True,11 R B D R2 B' R D' R D' R2 B PASS
43561271111111,6124867,True,11 R B R D' B2 D' R' B' R B2 D' PASS
43571262122222,7888122,True,11 R B R D' B D' B R' D R2 B PASS
43572161111111,7318902,True,11 R B2 R' B' R' D R2 B D' B D' PASS
43572612312323,6468380,True,11 R B2 R' D2 R D' B D' B2 D R PASS
43576211123222,6879137,True,11 R B2 R D B2 D R' D' B2 R2 D' PASS
43576212112232,8637510,True,11 R D2 R D B2 D B' D' B2 R2 D' PASS
43615271333312,5849440,True,11 R B R' D R2 D R2 B' D B' R' PASS
43615272113321,6473156,True,11 R B R2 B' D2 R2 B R B' R D2 PASS
43617521223221,8558771,True,11 R D B' D2 R D' R B D' R2 D' PASS
43621752213323,8555875,True,11 R B2 R B2 R2 B R2 D R2 D2 B2 PASS
43651722323132,6206568,True,11 R B' R2 B R' B D R2 B' D R PASS
43675122222122,9774585,True,11 R B' D' R D R B2 R2 D' B D PASS
43675211221331,6564503,True,11 R B D R B D' R2 B R2 B D2 PASS
43721653231313,7511094,True,11 R B R2 D B R2 D' R B2 R2 D PASS
43751623123313,7602884,True,11 R B R2 B' R2 D2 B D B' D B' PASS
43765212222122,9533506,True,11 R D B2 D2 B' R D2 B' D2 B R PASS
45167323322231,6251482,True,11 R B D' R D' B R2 B2 R B D PASS
45176231131313,13534344,True,11 R2 B R' B R' B D R2 B2 D2 R PASS
45176231133113,13516561,True,11 R2 B D2 R2 B2 D R B' R B' R PASS
45176231331113,13132245,True,11 R2 B R2 D2 B2 R B R' B D' R PASS
45176233131113,13892609,True,11 R2 B D' R B' R B R2 D2 B2 R PASS
45176321131133,11413244,True,11 R2 D R' D' B' D R2 B' R D2 R' PASS
45213672221123,7290941,True,11 R B' R B2 R' B D2 R' B2 R D2 PASS
45273162222122,8460452,True,11 R B2 D2 B' R B' R D2 R' B2 R PASS
45276131131133,9957021,True,11 R2 B D' R' D' R D2 B' D B2 D' PASS
45312671222312,5480885,True,11 R B R' D2 R B' D2 R D R B2 PASS
45312672223331,6097509,True,11 R B2 R' B' D R2 B' R' D' R D2 PASS
45312672233321,5709627,True,11 R B D2 R2 B D' R B' D2 B R' PASS
45312672313211,17853758,True,11 B R2 B' R' D R2 B' D' B R' D2 PASS
45312673132313,9778743,True,11 R2 B2 R D R2 D' R2 D R' B' D2 PASS
45312673222112,5452314,True,11 R B R' D2 B' R2 B R' B2 D B' PASS
45312673231313,9651941,True,11 R2 B2 R B D2 B' R2 B R' B' D2 PASS
45312761113211,6274476,True,11 R B2 R' B2 R D2 B2 R' D' B2 D2 PASS
45312761133311,5983753,True,11 R B R2 B2 D B' D B' D R B PASS
45312762221111,7340034,True,11 R B' R' D2 R B R2 D' B2 D R2 PASS
45312762311111,6014398,True,11 R B R' D2 B2 R' B' R B' D B PASS
45321671212211,6549311,True,11 R B D' B' D' R D2 B' D R2 D' PASS
45321671221121,6560472,True,11 R B' R B R2 D2 B R D2 R2 B' PASS
45321673113311,10871547,True,11 R2 B' D R B2 R' B R2 D' B2 D PASS
45327612222323,7016616,True,11 R B D2 R2 B2 R' B D' B' R B PASS
45362712122222,8348326,True,11 R B D' B R' D' R D2 R B R' PASS
45367122223133,7134628,True,11 R B' R2 B R B2 D' B D2 B' R' PASS
45367211111132,6324420,True,11 R B2 R' D' B2 R D' R2 D B' D2 PASS
45367211211122,6692631,True,11 R B2 D2 R2 B D' B R2 D' B D' PASS
45367213111133,6791599,True,11 R B2 D2 R2 B D B' R2 D R' D PASS
45376121131133,10527867,True,11 R2 B' R B D2 B' R B2 D' B2 D PASS
45376121331311,7718994,True,11 R D B' R D2 R' D B' D B R2 PASS
45376211333123,6253983,True,11 R B' R2 D2 B D' R2 B D' B' R' PASS
45376213131323,9877168,True,11 R2 B2 R D B2 D' R2 D B' R' D2 PASS
45376213333322,5783687,True,11 R B D R' B2 R' D R D B2 D2 PASS
45612371133221,6576648,True,11 R D R' B2 R B R' B D' B D2 PASS
45612372331121,5549550,True,11 R B2 R' B R2 B' D R2 B' R' B2 PASS
45612373112231,5690390,True,11 R B2 R2 B' D B D' R2 B2 D' R PASS
45612373132121,5435062,True,11 R B D' B R' D' R2 B2 D' R D' PASS
45612373132223,5980895,True,11 R B2 R B' D2 B' R2 D R2 D' R PASS
45612373322111,5255134,True,11 R B R' B' D R2 D R' B R2 B' PASS
45612373332122,5605151,True,11 R B2 R2 D2 R' B D B2 D2 R2 D' PASS
45612373332221,5650827,True,11 R B2 R2 D2 B D' R' D R' B D2 PASS
45613271331221,6447711,True,11 R B R' B2 R' B D2 R' D2 R B' PASS
45613272233111,8078815,True,11 R B2 R2 D' R D' B2 D' R' B R' PASS
45621373123331,7083498,True,11 R B R' D' R2 D' R' B2 D B2 D' PASS
45621373211111,8839206,True,11 R D R' B D R2 D B2 R2 D B PASS
45621732212123,7346412,True,11 R B D2 R2 B2 R' D B' D B2 D' PASS
45621732233333,7045441,True,11 R B R2 D2 B2 D' B R' D B2 D' PASS
45623712332123,5162837,True,11 R B D' R D' B' R' D B2 R D' PASS
45623713322321,4948423,True,11 R B R' B D' R' B' R B2 D R' PASS
45637123132121,5693304,True,11 R B2 D' R' D' B2 R B' R2 B' D2 PASS
45637123332122,4986783,True,11 R B R2 D B2 D B2 D2 R' B R PASS
45671231132231,5063247,True,11 R B D R' D' R' D B D' B D2 PASS
45671233112132,5443086,True,11 R B2 R' B2 R' D R2 B R2 B R2 PASS
45673212212132,6569117,True,11 R B R' D2 B2 D' R' D B' R B' PASS
45673213211222,6711129,True,11 R B D2 R2 B' D B' D' B2 R2 D PASS
45713623223132,5386173,True,11 R B D' B2 R' D R D' B R2 D2 PASS
45721363321313,6277594,True,11 R B2 R2 B D' R2 B R2 B R2 B2 PASS
45721363322231,6053527,True,11 R B D R2 B2 D' R D' R' D2 B2 PASS
45732612233321,5434825,True,11 R B R D' R2 D' R' D R2 D2 B' PASS
45736121122211,8844914,True,11 R D B D2 B' D R2 B' D2 B R' PASS
46123571111111,6578819,True,11 R B R' B2 R D' R D' R2 B2 D2 PASS
46123573232123,8100340,True,11 R D' B2 R D' R D' B' R' D R2 PASS
46125731333123,6560514,True,11 R B D R' D B D2 R' D R B2 PASS
46127351131313,8206418,True,11 R B R2 B R' D R D2 R D R' PASS
46127352131333,9259286,True,11 R B' R' B D B D2 B2 R' B D PASS
46127353131323,9927197,True,11 R B' R' D R D B2 D2 R' B R PASS
46135272133313,7743445,True,11 R B R B' D2 B D' R B R' B2 PASS
46153273131131,9359385,True,11 R D' R2 B2 R' D2 B D2 B2 D B' PASS
46157233333232,5695529,True,11 R B R D' B D' B2 R' D B2 R' PASS
46157321331233,6847630,True,11 R B D' R' B R' D2 B2 R' D' R2 PASS
46215372121223,6035258,True,11 R B D' B R2 D' R2 D' R B' R' PASS
46215372313211,10411332,True,11 R2 B2 R B' D R D2 B' R D R2 PASS
46257132211133,7429546,True,11 R B' D2 B D R2 B' D R2 D' R' PASS
46257313312211,11646429,True,11 R2 D R' D B R2 B R2 D2 B D PASS
46273512122312,6047568,True,11 R B D' B2 D' R' D' R B2 D' R PASS
46273513221212,5757201,True,11 R B R' D2 R' D' R' B D2 R' B PASS
46275311123222,7076450,True,11 R B R2 D2 B' D' R D' R D2 R PASS
46275312112232,8886600,True,11 R D R2 B2 D' B' D B' R D2 R PASS
46275312132212,7838575,True,11 R B2 D' B2 D B2 R' B R2 B2 R' PASS
46275312232133,6908068,True,11 R B D R2 D2 R B R B' D2 B' PASS
46275312313211,8387654,True,11 R B R2 B R2 B2 D2 B D2 B' D' PASS
46275313121222,7271410,True,11 R B D' B D' R B2 D B' D' R' PASS
46275313312211,8404153,True,11 R D R2 B' R D R2 B2 D R' B' PASS
46321752111131,6392040,True,11 R B' D2 B D' R B R2 D' B R PASS
46352171211233,5217487,True,11 R B D' R D R B' R2 D B D' PASS
46352172113231,4834973,True,11 R B R B' D2 B D' B R B2 D2 PASS
46372511221331,7115234,True,11 R B2 R' B D' R' B R' D2 R D2 PASS
46375211211332,5248097,True,11 R B R' B' R2 D' R' D R2 B' R' PASS
46375212113111,5755097,True,11 R B D2 B R' D' R D' B' D2 B PASS
46375212132131,5235027,True,11 R B R D2 B2 R2 D B' R2 B D' PASS
46375212132221,5774606,True,11 R B D' B R2 D' R' B D' B2 R' PASS
46375212332222,5633935,True,11 R B R2 D' R' B R D2 B2 R2 D' PASS
46375213112111,7147162,True,11 R D R' B D' B R2 B2 R B' D' PASS
46375213123121,6530581,True,11 R B' D2 R D' R' D B D' R B2 PASS
46375213333121,5309369,True,11 R B R2 B D' R D' B' R' D R2 PASS
46512371331221,6918661,True,11 R B D' R2 B2 R D' B2 D' B2 D2 PASS
46512372113321,7489528,True,11 R B R2 B' D2 R2 B R B' R D PASS
46513272332111,5531918,True,11 R B R2 D2 B' R B' R B R' D' PASS
46513273113221,5508505,True,11 R B R D' B2 D' R B2 D B' R PASS
46523711331332,6625945,True,11 R B R2 B' D B' D R' B D B2 PASS
46527133111121,5342246,True,11 R B R' D2 R B' R B' D2 B2 R2 PASS
46572311223122,7025453,True,11 R B' D B' R2 B' R' B' D R2 B PASS
46572312132122,5733180,True,11 R B R2 B' D B2 R2 D R' D R2 PASS
46721533123313,7328771,True,11 R B R2 B' R D' B R' D R B2 PASS
47123562232133,7983600,True,11 R D B D2 R' B' R2 B R D2 R PASS
47123651233232,5926268,True,11 R B' R D R' B D' B2 R B R2 PASS
47126351233232,8099424,True,11 R D R' B R D' B2 R D' B D' PASS
47126532133133,6775245,True,11 R B D' R2 B2 R' B' D B' D B' PASS
47132562311111,6462013,True,11 R B2 R B2 R' B2 R B2 D2 R2 D' PASS
47132563222331,8661294,True,11 R2 B D' R' D R D' B R2 B' D PASS
47132652233321,6452333,True,11 R B2 R' D2 R B' D B' D2 B R PASS
47135622132332,6046535,True,11 R B D2 B' D B2 R2 D B' D R2 PASS
47136252133112,8545795,True,11 R D2 R B R2 B R' D' B2 R2 D' PASS
47152361233232,5347738,True,11 R B R' D B D2 B2 D' R' D2 B PASS
47152631322131,6877268,True,11 R B2 R2 B' R B' R D2 R D R2 PASS
47156231332313,6870284,True,11 R B' D' R D2 R D' B' D B2 D2 PASS
47156233211132,6570096,True,11 R B' R2 D R2 D' R B' D2 B' R PASS
47156233223312,5683170,True,11 R B D' B D' R' B D2 R' B' D' PASS
47156233233113,6696498,True,11 R B' R' D R2 D R' B' D B2 D2 PASS
47156233322312,5456883,True,11 R B R' D R' D' B R2 D' R' D' PASS
47156321111111,6894022,True,11 R B D R' B R' D B2 D2 B D' PASS
47156321133311,6998586,True,11 R B' R D2 R D R B' D R2 D' PASS
47156322132311,5942199,True,11 R B D2 R' D' B R D2 B2 R2 D' PASS
47156322313232,5484914,True,11 R B R2 B R' D' B R' B' R2 B PASS
47156322332132,5131331,True,11 R B R D2 R' D R2 B' R2 B' R2 PASS
47156322332312,5362609,True,11 R B R' B R2 D' B' D B' D2 R' PASS
47156323223123,5911769,True,11 R B2 R2 B' R' B R2 D' R B R2 PASS
47162351322122,6014739,True,11 R B D B2 D2 B R' D R' B D PASS
47163522131222,5752756,True,11 R B R' B2 R' B' D' R D2 B' R PASS
47165321232113,7798989,True,11 R B D' R2 B2 R B R D' B2 R PASS
47165321322131,11366283,True,11 R2 B2 D2 B' R D' R2 B' R B' R2 PASS
47165322132212,7832685,True,11 R B2 D' R2 D R2 B' D R2 D2 R' PASS
47165322133112,8932948,True,11 R D R2 B2 D' R' D B' R B2 R PASS
47165322232133,6735905,True,11 R B R D2 R2 D B R B' R2 B' PASS
47165322313211,8749990,True,11 R B D2 B R2 B2 D2 B R2 B' D' PASS
47216352131333,9405428,True,11 R D B2 D2 B' R B2 D' B2 D R PASS
47251363131113,9118822,True,11 R B' R2 B R' D B' R2 B' R B' PASS
47251632131312,7783606,True,11 R B R' B R' D' B R2 B D R' PASS
47256133212311,5925773,True,11 R B D' R' D' R2 B2 D' R B' R PASS
47256133321232,5843495,True,11 R B R B' R B2 R' D R2 B' D' PASS
47265312122222,6292369,True,11 R B R B2 R' D' B2 R D' R' D' PASS
47265312131312,6555960,True,11 R B D B2 D' B' R2 D B' R' D' PASS
47265312313211,17527081,True,11 R' D R' D B D2 R' D R B2 R' PASS
47321651311133,6576770,True,11 R B R B R2 D' B2 D R2 B' D' PASS
47352612123131,5632662,True,11 R B R D' R' D R2 D R2 B' D2 PASS
47352612311132,5801515,True,11 R B D R' D' R D2 R D2 B' D2 PASS
47352612313211,10928418,True,11 R2 B' R2 B' R' D' R D2 B D' B PASS
47512632312323,5575036,True,11 R B R2 D2 R D' R' D2 R' D B' PASS
47621532232331,5124216,True,11 R B R' D R' B' R' B D2 R D' PASS
47621533231121,5347756,True,11 R B2 R B' R D R2 B' R B D2 PASS
47632152233321,5432648,True,11 R B R D2 B' R B' D R' D2 B PASS
47632153212311,6673353,True,11 R B' D2 B' R B2 R B2 D B R2 PASS
47632153232321,6148266,True,11 R B' R2 D' B R B R2 B D' B PASS
47632513212332,8650208,True,11 R2 B2 R' B' D' R D2 R D2 R' D2 PASS
47652132231323,6679136,True,11 R B R2 D2 B2 D' R D' R' D B PASS
47653213211231,8351833,True,11 R2 B D2 R' D R D2 B R B' D' PASS
47653213232111,4885380,True,11 R B R B D2 B R' B' R' D2 R2 PASS
51264731113322,5650052,True,11 R B R' D' R D2 R B D2 B2 R' PASS
51264732213311,5324611,True,11 R B R B2 R2 D2 R' D' R D' B PASS
51267342312233,9432875,True,11 R B' D B2 D B' R D' R' B2 D2 PASS
51324671211122,6130862,True,11 R B R' B' D B' R B2 D2 R' D' PASS
51324672212111,7925905,True,11 R D R' B' D' B R2 D' B R2 B' PASS
51324673113311,9338288,True,11 R2 B R2 B' D2 R B' D2 B R D' PASS
51324761111123,6936513,True,11 R B R' D R B2 D2 R' D2 R D PASS
51324763113332,6695605,True,11 R B R' B' D B D' B2 R2 B R2 PASS
51342672212111,7552879,True,11 R B' D R B2 R' B R2 D' B2 D PASS
51342763312223,13389057,True,11 R' B R' D R B2 D' R D R2 D' PASS
51367241211113,5427001,True,11 R B D' R2 D B2 R' B D B D' PASS
51423671221331,5773840,True,11 R B D2 B2 R D' B2 R B R2 D2 PASS
51426731111111,6702273,True,11 R B D R2 D R' B' D R' B2 R2 PASS
51426733312211,6115428,True,11 R B2 R' B D2 B' R D2 B' R' B PASS
51472361131313,8177855,True,11 R B2 R B R' B D' R2 D' B D' PASS
51472633331312,7764551,True,11 R B R2 D2 B D2 B R D' R B' PASS
51623471321111,4912255,True,11 R B R2 B' R B' D' B2 R B' R PASS
51623743313321,7261348,True,11 R B R' D B' D' R B2 R B D' PASS
51624731312123,7024161,True,11 R B2 R2 B R2 B' R2 D B' R2 B2 PASS
51624733323113,7675631,True,11 R B' D' B D2 R' D B' D' R2 D' PASS
51632741323232,5451280,True,11 R B D' R2 B D R' D R2 D' R PASS
51642371122313,7369366,True,11 R B2 D2 R' B' D R' B2 D2 R D PASS
51642731113322,8032887,True,11 R D B2 D2 R' D B' R' B R2 D' PASS
51647231113232,5245275,True,11 R B R2 D2 B D2 B R' D' B2 D PASS
51723643131311,7724180,True,11 R B R' B D R' B2 R' D2 R D PASS
51724362122222,6663248,True,11 R B D' B2 D B R2 B R' B' D PASS
51724363121213,6543537,True,11 R B D' R2 D B R2 B D' B' D PASS
51726433123313,7806016,True,11 R B D2 B2 D' R B2 D' R2 D B PASS
51732643121213,8150929,True,11 R B D' R B' D' R D2 R D R' PASS
51742632323231,6419087,True,11 R B2 R' B2 D2 R' B2 R' D' B2 D2 PASS
51742632323333,6968243,True,11 R B2 D' R' D2 R D2 B' R B D2 PASS
52134761232113,6146657,True,11 R B D' R' D R2 D B D2 B2 R' PASS
52147631121311,6220472,True,11 R B2 R2 D2 B R' D B' D2 B D' PASS
52147631131211,6495452,True,11 R B2 D B' D B' R2 B D' B' R PASS
52147631211131,5588856,True,11 R B R B' D2 R B' R B' D B2 PASS
52147631311121,5704658,True,11 R B R2 B' D B2 D R2 D2 B' D' PASS
52147632111113,6176791,True,11 R B2 R' B R B D' R D' R2 B PASS
52147633111112,7958449,True,11 R D2 R' D B D B' D R' D2 B PASS
52163471112122,6454579,True,11 R B2 R' D' R2 B2 D R B R' B2 PASS
52163471213111,5547575,True,11 R B R2 B' D B' D R2 B2 D2 B' PASS
52163471312111,5470094,True,11 R B R B2 D2 B D B' R2 D2 B' PASS
52163471333123,5079044,True,11 R B R' D B2 D' B2 R D R B' PASS
52163472111311,5525786,True,11 R B R D2 B' R D' B' D2 R B PASS
52163472131222,5440439,True,11 R B D2 R2 D R B2 R B R2 B' PASS
52163473111211,5855830,True,11 R B D B2 R' B D' R' B2 D B PASS
52163473111331,5797614,True,11 R B2 R B R2 B' D2 B D' B' R2 PASS
52163473221323,5431453,True,11 R B R2 B' D R2 B' R2 B D B2 PASS
52163473323332,9333269,True,11 R2 B2 R' D R2 B' R' D' R2 B R PASS
52167342121232,7718086,True,11 R B R' D B R2 D2 B' R2 B2 D' PASS
52167432121313,6927131,True,11 R B2 R' D R' B2 R B2 D' R D' PASS
52167432122222,8455422,True,11 R D2 R' B2 D R D2 R2 D' B' D2 PASS
52167432131213,7367734,True,11 R B' D2 R B R2 B' R' D2 R' B' PASS
52167433133333,8170325,True,11 R D B2 D2 B R D R' D2 R' B PASS
52167433331333,7020329,True,11 R B' R B2 D' B2 D R' B D2 B' PASS
52174633223123,7312462,True,11 R B' R' B' R D' R' D2 R' D' R PASS
52314673311311,11521910,True,11 R2 D B' R' D' B D2 R' B D2 B' PASS
52314761322122,6585072,True,11 R B2 R2 B D2 B' D2 R D' R2 D2 PASS
52341671111111,18257753,True,11 B R' B2 R' D' B' R D2 B R' D PASS
52341671122211,6685066,True,11 R B2 D' R2 D' R D' B' R2 B R2 PASS
52341671311313,5432773,True,11 R B R2 B' R B2 D' R2 D R B2 PASS
52341672211112,6746025,True,11 R B2 D' R2 D' B D' B' D2 B R2 PASS
52341672232313,6266955,True,11 R B2 R D R2 D' R2 D R' B' D2 PASS
52341672323222,6837125,True,11 R B' R' D R' B' D R B2 R2 B PASS
52341672323312,8994207,True,11 R2 B R2 D B2 D R' B D2 B D PASS
52341673133111,5763936,True,11 R B D2 B' D R2 B' R2 B R B2 PASS
52341673232213,6144066,True,11 R B2 R B D2 B' R2 B R' B' D2 PASS
52341673232333,5475942,True,11 R B R B2 D' R D' B' R2 D B PASS
52341673323212,8835775,True,11 R2 B R D2 R B' R D2 R B2 D PASS
52361472121313,8399283,True,11 R D B2 D2 B' D' B2 R B2 R' D2 PASS
52361472131312,6942686,True,11 R B2 R2 D' R D' B' R D2 B' D' PASS
52367142211121,7080199,True,11 R B2 R B' D2 R' B' R' B2 R' D PASS
52367412322232,5926615,True,11 R B D2 B' R B2 R D2 R2 B' R PASS
52374161112323,6105558,True,11 R B R D2 R D' B' D R' D2 R2 PASS
52376413222223,6655615,True,11 R B R' D' R B D2 R2 B2 R' B PASS
52463173212332,7988020,True,11 R2 B R' B' D' R B2 D' B D2 B' PASS
52463713212332,8017323,True,11 R2 B R2 B' R2 D B' R2 B R B' PASS
52471631223113,5986258,True,11 R B' R2 D R' B D' R' B' R D2 PASS
52471631323112,6135607,True,11 R B' D2 R D' R B' R' D' R B2 PASS
52614372313211,9895433,True,11 R D R' B D B2 R' D B D2 B' PASS
52641733212311,5811554,True,11 R B R' B' D' R2 B2 D' B D' B PASS
52641733232321,5920618,True,11 R B2 R D R' D2 R B R2 B2 D' PASS
52673413232123,5515851,True,11 R B R2 D' R2 D' R D R' D2 B2 PASS
52713461232323,5443169,True,11 R B R2 B' D2 R2 B R' B' R2 B PASS
52714361232113,8998871,True,11 R D B2 D2 R' B R' B' R D2 B' PASS
52714633213223,5920377,True,11 R B2 R' B' D2 R D' R2 D R' B2 PASS
52714633223123,5929855,True,11 R B2 D2 R2 B D R' D2 B R' B PASS
52731641233112,5209690,True,11 R B R' D' B D' B D2 R2 B' D PASS
52731641323112,5023122,True,11 R B R' B' R B' D B2 R2 D' B PASS
52736141322233,5932046,True,11 R B R2 B2 D' B D' R' D R2 B' PASS
52741362313211,6798279,True,11 R B D R2 D B2 D R' D2 B2 R' PASS
52741362313223,7783273,True,11 R D B' D' B' R2 D2 B' R B' D PASS
52741632122333,8811307,True,11 R B R2 B2 R D B2 D2 B' D2 R PASS
52741632123323,10886910,True,11 R D R2 D2 R B D2 B2 D' B2 R PASS
52741632212213,9218485,True,11 R B D2 R D' R' D2 R' D2 B D' PASS
52741632212231,9600120,True,11 R B2 R' B R' B' R D R' D B' PASS
52741632232211,8924629,True,11 R B R2 D R' B' R2 B' D2 R D' PASS
52741633221233,8810740,True,11 R B D R2 B2 R' B' R2 D' R' D PASS
52741633313312,8684905,True,11 R B R' B D B2 D B' D2 R2 B PASS
52741633313321,9344512,True,11 R B D' R D' R' B R B' R B2 PASS
52741633321223,10358425,True,11 R B' D B' R2 B R2 B' D2 B D' PASS
52741633323311,9055403,True,11 R B D' R D R2 D B' R2 D2 B PASS
52743611111213,5932220,True,11 R B D B' R2 B D' B D' B2 R PASS
52743611111312,7331895,True,11 R D B D' R2 D R' D B' D2 R PASS
52743611112131,5927622,True,11 R B D2 B' D B R2 D' B' D R PASS
52743611113121,7453934,True,11 R D B2 D' B D R2 B' R' B R PASS
52743612131111,5651673,True,11 R B R2 B' R D2 R B2 R2 D' B PASS
52743613121111,6843214,True,11 R B' D B R2 D' B R' B R2 B' PASS
52761431111213,5889566,True,11 R B D2 B' D B2 D B2 D2 R' B' PASS
52761431111312,5927612,True,11 R B D B' D2 R D' B D' B D2 PASS
52761431112131,6165854,True,11 R B2 R2 D2 B R' B R' D2 R B' PASS
52761431113121,6250563,True,11 R B2 D R' D B' R2 B R' B' R PASS
52761432131111,6006267,True,11 R B D' B2 D' B2 R D' R' B R' PASS
52761433121111,5764886,True,11 R B R' B' R B2 D' B2 D' B R' PASS
52763143222331,9169102,True,11 R2 B' D B D2 B' R D2 B' D2 B PASS
52763411222312,12236956,True,11 R2 B R' D' R B' R2 D2 R D' R PASS
52763411333123,8332869,True,11 R B D2 R2 B2 D R D' B D' R PASS
52763413222112,12651425,True,11 R2 B D' B' D B' R2 D2 R B' R PASS
52763413223312,12618937,True,11 R2 B D' R B2 R2 D' R D' B' R PASS
52763413322312,12246542,True,11 R2 B R' B R2 B2 D' R B' D' R PASS
53126471231231,7410370,True,11 R D2 B R2 B' D R' B R' B' R' PASS
53126471231321,5899956,True,11 R B R' B2 D2 R' D' R D' B R PASS
53126471321321,6340481,True,11 R B' R' B2 R D R2 B' R2 B D2 PASS
53146272123233,8339062,True,11 R D R B2 R' D R2 B' R2 B R' PASS
53147262123131,5788310,True,11 R B R2 D' R2 D' B D R' B2 D2 PASS
53162743312223,13566480,True,11 R' B R' B D R2 B' D R B2 R' PASS
53274163211222,7605086,True,11 R B2 R B2 R2 B R2 D' R2 D2 B PASS
53421671321111,7769208,True,11 R2 B R D' B2 D B' D R B2 D2 PASS
53421671321231,5171290,True,11 R B R2 D2 B R2 B R' D' R2 D PASS
53426171112233,5999616,True,11 R B R2 B2 D' R B' D' R D2 B' PASS
53462711113322,7821426,True,11 R D R2 D2 B' R D' R' B D2 R' PASS
53467211321111,4936562,True,11 R B R2 B' D R' B' D2 R D' R PASS
53476121323112,6449892,True,11 R D R2 D2 B' D B2 D' B R2 B' PASS
53476121323322,6639216,True,11 R D R2 D2 B' R B2 R' D B2 D' PASS
53614721212121,8258263,True,11 R B2 R B2 R2 B' R2 D B2 D2 R' PASS
53621471331221,5435354,True,11 R B R D' R2 B2 D B' R' D B2 PASS
53642171111111,6612831,True,11 R B R' B2 R D' R D R2 B2 D' PASS
53672142221213,11177681,True,11 R2 B R B' D B' D R' D B2 R PASS
53714622233111,9179920,True,11 R B' R D2 R D' R D' B' R2 D2 PASS
53721463223312,6877837,True,11 R B2 R B2 R2 B R2 D R2 D2 B PASS
53724612121112,8125039,True,11 R B D' R B R2 D2 B' R2 B2 D' PASS
53726143333121,5835507,True,11 R B R' D2 R B R2 B R' D' R PASS
53741621323112,5981472,True,11 R B' R2 D R' D B' R' B' R B2 PASS
53741621332112,6170584,True,11 R B' D2 R D' B D' B' D' R D2 PASS
53742612323333,7077069,True,11 R B2 R B' R2 D' B' R' D2 R' D PASS
53761242121211,8063734,True,11 R B R B2 R2 B' D2 R B D B2 PASS
53761242221213,8562196,True,11 R B2 R' D' R B' R D2 R D' R PASS
53761242321212,8006262,True,11 R B R B2 R B R B2 D' R B' PASS
53762143222331,6847393,True,11 R B D' B' D B R' B2 D2 B D2 PASS
53762413322123,7458497,True,11 R D R' D B2 D' R D' B D B2 PASS
54123673233323,6476569,True,11 R B' R D R2 B' D R' B R2 B' PASS
54126371331221,5528370,True,11 R B R' B' D R D' R D2 R' D PASS
54127632131213,7910558,True,11 R B' D B R' D' R B R' D R2 PASS
54127632222212,7503046,True,11 R B' R D R' D' R D B' D B2 PASS
54127633131212,7918437,True,11 R D R2 D2 R' B' D2 R D2 R' B2 PASS
54127633133333,8295868,True,11 R D B2 R' D B D B2 D2 R' B PASS
54127633333313,7713645,True,11 R B' D2 B' D B R D2 R2 D B PASS
54163271133221,6124879,True,11 R B2 D R' B R D2 B' D R D2 PASS
54163272233111,7931984,True,11 R D R B R' B2 D' B R D R PASS
54167231121113,5505745,True,11 R B R2 B' R D' B R2 D2 B2 D' PASS
54167231131112,5583916,True,11 R B R D2 B2 D B D' R2 B2 D' PASS
54167231221211,5966473,True,11 R B2 R' D' B2 R2 D B D R' D2 PASS
54167231333213,5523213,True,11 R B R' B D R B2 D' R D2 R' PASS
54167232112112,5930843,True,11 R B2 R' B' D2 R2 B R D R' D2 PASS
54167232133313,6271574,True,11 R B2 R2 D B D' R2 D' R' D2 R PASS
54167232333113,5491594,True,11 R B R' B R2 B' R2 D B R D' PASS
54167233232333,7079121,True,11 R B' D' R B2 R B D' B' R2 D PASS
54167233331213,6234979,True,11 R B2 R2 D R B' D2 B' R' B2 R PASS
54172633132313,7761682,True,11 R B D2 R B D2 R' B R2 B2 D PASS
54217362233213,12821973,True,11 R2 B' R2 B R' D B' R2 B' R B' PASS
54217632132212,11462540,True,11 R2 B R' B R' D' B R2 B D R' PASS
54231671123111,5924109,True,11 R B2 D' R B D R2 D R' B' D PASS
54231673123121,5193286,True,11 R B R' D R D B2 R2 B D2 R2 PASS
54261373123121,5659512,True,11 R B R D R2 B' R2 B R2 D' B' PASS
54261732231233,7002804,True,11 R B R' D B' R D' B2 R2 D' B' PASS
54276132233312,6788997,True,11 R B2 R' B R' B2 D' B R' D2 R2 PASS
54312671131331,5823981,True,11 R B R' B D2 B' D R' B R B2 PASS
54312672212111,6359148,True,11 R B R' D' R' D R2 B' D B2 D' PASS
54312673311311,10817900,True,11 R2 B' R D B2 D' R B2 D' R2 D PASS
54317261113112,5215417,True,11 R B D2 B' R D' R' B2 D B' R PASS
54317621111222,6832073,True,11 R B D R' D2 B2 R D' R' B D2 PASS
54321672212213,9313619,True,11 R B D' B R' B R B2 D2 R2 B PASS
54321672212231,8735883,True,11 R B R2 D2 B2 R B D' R D' B PASS
54321672232211,9110485,True,11 R B R' D B' R D B2 R2 D2 B PASS
54321673313312,13212844,True,11 R2 B R' B' D B' D2 R2 D R' B PASS
54321673313321,13561987,True,11 R2 B R' D B2 D2 R' D B' R' B PASS
54321673323311,13537679,True,11 R2 B D' R' D B' R2 D2 R D' B PASS
54321761211221,5655387,True,11 R B R B' D B' D2 R' D R2 B' PASS
54321763113113,7655713,True,11 R D R' B D2 B' R D' B R B2 PASS
54326171111231,7696122,True,11 R2 B R B' D2 B D' B R B2 D2 PASS
54326171112233,5448903,True,11 R B R' D2 R' D2 R D' B' D' R PASS
54326171321231,5537876,True,11 R B D' R2 D' R2 D R' B' D' R PASS
54326711112212,7071716,True,11 R B D' B R2 D' R B' D2 R2 B PASS
54327612223232,6169181,True,11 R B2 R' B D R B' R B' D2 R PASS
54361272223232,6291211,True,11 R B2 D2 R' B D R2 D2 B R D PASS
54362171113133,6569510,True,11 R B R B D' B2 D R' B R' D' PASS
54362711111231,5254304,True,11 R B D' B2 R D R' B D2 B' R PASS
54362711323112,6419138,True,11 R D R' D' R D' B R2 D2 B' R PASS
54367121112212,7799139,True,11 R B' D' R2 D B R2 D' R2 D B2 PASS
54367121113211,6433555,True,11 R B D' B2 R2 D' R' B R' B R PASS
54367121113331,8885057,True,11 R D2 B D2 B' D R' D R' B' R' PASS
54367122211121,7131424,True,11 R B2 D' B' R2 B D2 R' B R D2 PASS
54367122311111,6445117,True,11 R B2 R' B2 D2 R' D2 R' D' R2 D2 PASS
54367123311113,6410240,True,11 R B D2 B2 R B' R B' R D R PASS
54367211132222,8796723,True,11 R B D B2 R2 B' R B' D' B2 R' PASS
54367211213333,10984225,True,11 R D B2 D2 B D R2 D2 R' D2 B PASS
54367211222132,8965156,True,11 R B R' B D' B' D B R' B D2 PASS
54367211333213,9557579,True,11 R B2 R' D B' R' B R B' D R' PASS
54367212211322,10898621,True,11 R D R2 D2 R B R2 B2 R' D2 B PASS
54367212231122,9283038,True,11 R B D2 B2 D B D2 B2 D' R2 B PASS
54367212233213,8923566,True,11 R B R2 D R' D' R2 D' R2 B D' PASS
54367212332213,9174645,True,11 R B D2 R D' B' R2 B' D2 R D' PASS
54367212333113,9628411,True,11 R B2 R' B D' R' B R D' B R' PASS
54367213112222,10357361,True,11 R B' D R' D2 R B2 R' D2 R D' PASS
54367213312133,10132017,True,11 R B' R B' R2 B R2 B' R2 B R' PASS
54371261113331,6717262,True,11 R B R2 B2 D B' D2 R D R2 B2 PASS
54371621113112,7880695,True,11 R2 B D B' D2 B R' B R B2 D2 PASS
54371621113322,5396589,True,11 R B R2 B' R2 D2 B D' B' D2 B PASS
54376121322233,6324963,True,11 R B D2 B2 R' B R' D' B R2 D' PASS
54376211111132,6475009,True,11 R B2 R2 D2 B' R B D' B D' R2 PASS
54376211111222,5967542,True,11 R B R B2 R' D' B2 D' B2 D B2 PASS
54376211113133,6749378,True,11 R B2 D B2 D' B R' D B' D' R' PASS
54612371112311,9623096,True,11 R2 B R2 B2 D2 R' D' R D' B D2 PASS
54612372222131,7101047,True,11 R B D R B2 D B' D2 R2 B' R PASS
54612732112223,6691551,True,11 R B2 R' B D' R2 B' D B' D2 B2 PASS
54612733322213,6780508,True,11 R B2 R' D R' B2 D' R B' D2 B2 PASS
54621371133311,6225252,True,11 R B D' B D2 B' D B' D R D2 PASS
54621372211121,6815084,True,11 R B' R D R2 B2 D R B2 R2 D' PASS
54637211132111,5267044,True,11 R B R' B2 R D2 B' D B R D' PASS
54671232221213,7218684,True,11 R B R2 B D R' B2 R' B' R2 D2 PASS
54712361323313,6853405,True,11 R B2 D2 R' D' R D' B2 R2 D B PASS
54712362223322,7171463,True,11 R B2 R2 B D2 B D2 R' B R2 B2 PASS
54716232222113,7113009,True,11 R B D' R B' R B' R2 D2 B' R' PASS
54716321112323,6804118,True,11 R B D' B2 D B' R B D2 R2 B' PASS
54716322313223,5641807,True,11 R B D B2 D2 R2 D' B' R B' R PASS
54721631111111,21716565,True,11 B2 R' B R' D' B R2 B R B D' PASS
54721631122121,6385119,True,11 R B2 D' R D2 R' D' B R' B2 R2 PASS
54721631311133,6045561,True,11 R B D2 B' R D2 B' R2 B R D2 PASS
54721632133232,5907876,True,11 R B2 R' B' R2 D2 B R D B' D2 PASS
54721632212222,6286657,True,11 R B2 R2 D R D' R2 D' B' R2 B PASS
54721632212231,5495243,True,11 R B R' D R B R2 D' B D2 B' PASS
54721633231322,5856161,True,11 R B D B' R2 D2 R B D2 B D2 PASS
54721633313321,6295026,True,11 R B2 R D' R D' B' R B' R D2 PASS
54721633333331,5529916,True,11 R B R2 D2 R B R2 B D R2 D' PASS
54723612131312,8546546,True,11 R D2 R' D2 B R D2 R2 D' R' D2 PASS
54723612221222,6994701,True,11 R B2 R' D B' R2 B R2 D' R D' PASS
54723612222212,7163917,True,11 R B' R2 B' D' B2 D B R2 D' R' PASS
54723613121312,7861898,True,11 R D B2 R' D' R2 D R B2 R D' PASS
54723613333313,7943416,True,11 R D B2 R' D' B2 D B D2 B R' PASS
54761233322321,6138644,True,11 R B D' B2 R2 D' B D' B' D R2 PASS
54763212322232,5787171,True,11 R B R' B2 R' D2 B D' B' D B' PASS
56123471222312,8578600,True,11 R B D' B D' R' B D R' D B2 PASS
56123471223221,8143210,True,11 R B R B2 D2 B' R' B2 D' R' B PASS
56123471331332,10427334,True,11 R D B2 D2 B D B2 D2 B' R2 D PASS
56123471333123,8957491,True,11 R B2 R' D R' B' R B R' D R' PASS
56123472322121,8606327,True,11 R B D2 B2 D B R2 B2 R' B2 D PASS
56123472331331,8084970,True,11 R B R2 B2 R D R2 D2 R' B2 D PASS
56123473133132,9508176,True,11 R B' R D' R2 D B2 D' B2 D R' PASS
56123473133231,8006556,True,11 R B R D2 B2 D' R' B2 D' B' R PASS
56123473222112,8275786,True,11 R B R' D R' D' B R B' D B2 PASS
56123473223312,8258774,True,11 R B R' D R D2 R B' R2 D2 B PASS
56123473322312,8558426,True,11 R B D' B D R2 D B' D2 R2 B PASS
56124371111231,5121614,True,11 R B R' B2 D B R' B R2 B' R PASS
56124371232323,7032957,True,11 R D R' B' R D' B D2 R2 B' R PASS
56127433332323,6263607,True,11 R B2 R2 D2 B D' R B' D2 B R PASS
56132472333332,6387253,True,11 R B2 D2 R2 B D' R B2 D' B R' PASS
56132473211111,6198658,True,11 R B D' B' D' R2 B2 D' R D' B PASS
56132473213211,6201664,True,11 R B2 R D B' D2 B D B2 D2 R' PASS
56143273332323,7734916,True,11 R D2 R' B D B D' B R' D2 B PASS
56147231222132,13854673,True,11 R2 B D' B R2 B2 D' R D' R' D PASS
56147231333213,8624300,True,11 R B R2 D2 B2 R B R' B D' R PASS
56147232233213,8964271,True,11 R B R' B R' B D R2 B2 D2 R PASS
56147232332213,9262540,True,11 R B D' R B' R B R2 D2 B2 R PASS
56147232333113,8989923,True,11 R B D2 R2 B2 D R B' R B' R PASS
56147322333233,7952037,True,11 R D R' D' B' D R2 B' R D2 R' PASS
56173421113112,5201600,True,11 R B D2 B' D R' D' B2 R D' R PASS
56174232323333,7012396,True,11 R B' D B R2 D2 B R B2 R2 D' PASS
56174321232113,8623010,True,11 R D R2 D2 B' D R' D' B D2 R' PASS
56213471111111,7074139,True,11 R B D' B2 D B2 R' D R D B' PASS
56213743313333,8380060,True,11 R B R2 B' D2 R2 B R B' R B' PASS
56243173133111,7634107,True,11 R B' R2 B D2 B2 D R2 B D2 B' PASS
56243713121333,7816188,True,11 R B R2 D B D2 R' D B2 D2 R PASS
56247132333233,6405381,True,11 R B D' R' D' R D2 B' D B2 D' PASS
56271433111313,8600508,True,11 R B2 R B2 R2 B' R2 D' R2 D2 B PASS
56271433123313,8399514,True,11 R B2 R2 D' B R' B' D R D' R PASS
56271433132313,8816167,True,11 R B2 R2 D' R D' B' R D B' D PASS
56274132331133,6842581,True,11 R B R D B2 R D' B2 R2 D' B PASS
56274312313211,9938061,True,11 R D R' D B D2 R' D R B2 R' PASS
56321473233323,5671199,True,11 R B R' D2 R' D R B2 D' B D PASS
56321742211112,8477561,True,11 R D R D2 R' B R2 D' B2 D B' PASS
56324171221331,5600890,True,11 R B R' B R2 D' B D' R2 B2 D PASS
56327411211332,5643891,True,11 R B R' B' D B R2 D2 B2 R D PASS
56327413213112,5578959,True,11 R B R' B2 D2 R' B R' B' R D2 PASS
56341273121213,8132776,True,11 R D B2 D2 B R B R' D2 R' B PASS
56341273131212,7300194,True,11 R B' R2 D2 R B D R' B2 D B PASS
56347122333233,7286083,True,11 R B' R B D2 B' R B2 D' B2 D PASS
56347211213111,5730888,True,11 R B D R' B D R' D R2 D2 R PASS
56347211222132,5861379,True,11 R B2 R B' D R' B' D R' B R2 PASS
56347211312111,5427904,True,11 R B R B' R2 B' D' R D B2 R' PASS
56347211331131,5283420,True,11 R B R D' R2 B2 R D R2 D R2 PASS
56347212111221,9555753,True,11 R2 B2 R' B R2 D' B' R' D2 B D PASS
56347212111311,7211506,True,11 R B' D' B R2 B R D' B' D2 R PASS
56347212123233,6618800,True,11 R B2 D' R B2 R' B' R B' D2 B2 PASS
56347212232223,6359067,True,11 R B2 R D B2 D' R2 D B' R' D2 PASS
56347213111211,6905946,True,11 R B' R' B R2 B D B' D' B2 R PASS
56347213131332,6057526,True,11 R B2 R2 D B R' D2 R' D' R2 D PASS
56423171231231,5127127,True,11 R B R' B' D B' R2 D2 B' R' D PASS
56423171231321,6233890,True,11 R B2 R2 D2 B' R D B' D B' R2 PASS
56423171321321,5639644,True,11 R B2 D R2 D' B D' B R' D' R' PASS
56423172112121,6409359,True,11 R B2 D2 R2 B R' D B2 R' D B' PASS
56423173132121,5801733,True,11 R B2 R' B' R2 D R' D2 R D' B2 PASS
56423173133111,6351306,True,11 R B2 D2 R2 B R D' R2 B R' B PASS
56432713122122,6670211,True,11 R B2 R' D B' R2 D' R B' R2 B2 PASS
56712341232113,5800550,True,11 R B R' B' D R2 D R' B R2 B2 PASS
56712343211123,6365786,True,11 R B2 R' B R2 B' D R2 B' R' B PASS
56721343123331,6906287,True,11 R B R2 B2 R' B R2 D' B2 D B PASS
56721432312233,7996323,True,11 R D R B' R' D R' D' R B2 R PASS
56723411113313,5889880,True,11 R B D R' D2 B2 D B R2 B R2 PASS
56723411121113,5986150,True,11 R B D B' R2 B' D' B D B2 R' PASS
56723411131112,5497078,True,11 R B R D' R2 D' R' D B D2 R' PASS
56723411222312,5400036,True,11 R B2 R B' R D' B' D R' D R2 PASS
56723412122312,5286679,True,11 R B R2 D2 R D B2 D R D2 R' PASS
56723412323222,5772674,True,11 R B D R2 B' R B' R' B2 D R PASS
56723413221212,5572270,True,11 R B D2 R2 D B R2 B R B2 R' PASS
56723413222112,5495756,True,11 R B2 R D' B R' B' D B' D R2 PASS
56723413331111,5572375,True,11 R B R B' R2 D2 R B R2 B R2 PASS
56732143122113,7749316,True,11 R B' R' D R2 B' R B' R' B2 R' PASS
56741231121311,5801299,True,11 R B R2 B' D B D2 R' B' D R PASS
56741231131211,7530031,True,11 R D B2 D' R B D2 R' D' B R PASS
56741231211131,7312739,True,11 R D B R' D2 R D' R B' D2 R PASS
56741231311121,5594025,True,11 R B R B' R2 B D' R D' B2 R PASS
56741232111113,6405710,True,11 R B2 D2 R' D R B2 R2 D R D PASS
56741233111112,6327399,True,11 R B2 R2 D2 B D' B R' D2 R D PASS
56743212122222,7024564,True,11 R B2 R2 D' B R' B' D R2 B' D' PASS
56743212221222,8338546,True,11 R D B2 D2 B' D' R2 B R2 B' D2 PASS
56743213121213,8687965,True,11 R D B2 R' D R D B2 D2 R' B PASS
56743213121312,7543901,True,11 R B' R2 B' R D B D2 B2 D B PASS
56743213331333,8207131,True,11 R D R2 D2 R' B' R2 D R2 D' B2 PASS
57123461111111,6714448,True,11 R B R' D2 R B2 D' R D R B' PASS
57164322131312,6304294,True,11 R B R' B2 R D R2 D R' B' D PASS
57214361323232,5233060,True,11 R B R' D2 B D B' D R2 D' R PASS
57214632212213,11385070,True,11 R2 B R' D R B' R2 B' R2 B R PASS
57236141113232,5703403,True,11 R B D' B2 D' R2 D B' R' D' R PASS
57236141322233,5544086,True,11 R B R' B2 R' B2 R D' R' D' R PASS
57236141323232,8112634,True,11 R2 B D R' B2 R D' B R D2 B2 PASS
57241631322113,5045684,True,11 R B R2 B2 D' B R2 B' D R2 D' PASS
57241631323112,4890082,True,11 R B R2 B2 D' R D2 R' B R2 B' PASS
57246131112233,6339110,True,11 R B D2 B2 R' D R' D' R B2 D' PASS
57264132111323,7067768,True,11 R B2 R2 B R2 B R2 D' R B2 R2 PASS
57321641311112,5851202,True,11 R B2 D' R B' D' R D2 R B D PASS
57321642311132,5860152,True,11 R B R' B D B D2 R2 D B2 R2 PASS
57364212213311,7953307,True,11 R D B' R' D' B2 R2 D' R B' D PASS
57364212313211,6683267,True,11 R B R D2 R B2 R B' R2 D2 B' PASS
57364213332122,5273982,True,11 R B R2 B2 D R' D B' D B D PASS
57642311113322,5858782,True,11 R B D' R D2 R2 D B D2 B R' PASS
61234572231323,6450499,True,11 R B2 D R2 D' R D' B D' B' D PASS
61234573232213,5814114,True,11 R B R D2 B D2 B R' B R2 D2 PASS
61235741313131,10255547,True,11 R B' D' B D R D2 R2 B' R B PASS
61257343232123,5791931,True,11 R B D' B2 D B' R B' R2 B2 D2 PASS
61274351313131,7765961,True,11 R B D2 R B R2 D' B D2 B2 R PASS
61274532231323,6351928,True,11 R B R2 D2 B' R D B' R B2 D PASS
61352472233321,5423155,True,11 R B R' B D2 B R B R D2 B2 PASS
61352472313211,10691091,True,11 R2 B' R2 B' D' B' D R2 B R' D PASS
61452731311313,7968984,True,11 R B' R' D' R D' R' B2 R' D' B PASS
61453721111111,6921695,True,11 R B D' R2 D B' R D B2 R2 D2 PASS
61453721311112,5608139,True,11 R B D2 B' D B' D2 R D2 R' B2 PASS
61453723111121,5535511,True,11 R B D B2 R2 D B R2 D2 B' D' PASS
61472532123332,6197785,True,11 R B D R' D R' B D2 B' D2 R' PASS
61472533112111,5262554,True,11 R B R B2 D2 R B' R' D R2 B2 PASS
61527431111111,7236773,True,11 R B' R B D2 R' D R' B D' R2 PASS
61534272311132,7229926,True,11 R B2 R' B2 R D' B R' B2 R B PASS
61534721112311,6252007,True,11 R B2 R' D2 R' D B' D2 R2 D' B PASS
61534721113211,5893279,True,11 R B D2 B R' B R' B D2 R' B PASS
61543271111111,7597038,True,11 R B' D2 R' B D R B2 R B' D PASS
61543271112311,6450435,True,11 R B' R2 B' D B2 D B2 R D B2 PASS
61572432312323,5923573,True,11 R B R2 B' D B2 R' B' D2 B R' PASS
61734523222331,8080307,True,11 R2 B R B' R D B2 D2 R' B' D PASS
62134572321323,7750641,True,11 R B' R D R' B2 D2 B D' R2 D' PASS
62135471122121,6325084,True,11 R B2 R2 B' D' B R2 D' B D B2 PASS
62135472132131,5459295,True,11 R B D R2 D' R' D2 B D2 B' D2 PASS
62135473122131,5275696,True,11 R B R B' D2 R2 D R' D R2 D2 PASS
62135473123121,6902427,True,11 R D R B' D B' D R2 D' B2 R PASS
62135473131131,6320109,True,11 R B2 R2 B' D B' R2 D R' D' B2 PASS
62135473132121,6190292,True,11 R B2 D2 R2 D B D B' R B' R2 PASS
62135473232231,5828221,True,11 R B2 R D2 B2 R' B D' R2 B2 D2 PASS
62135473322321,6211307,True,11 R B2 D2 R' D' B R' D2 B D' R2 PASS
62135743222331,6470761,True,11 R B R' B' R D' R2 B2 D' B' R2 PASS
62135743312223,10748800,True,11 R2 B R2 B2 D2 R' B' D R' B R2 PASS
62147353123121,5929047,True,11 R B2 D' R' B' D2 R B' D2 B' R2 PASS
62147353132121,5010487,True,11 R B R B2 D' R B' D B' R' D2 PASS
62154733321121,5290549,True,11 R B D' R' D B2 D R2 B' R2 B PASS
62157342132212,7550395,True,11 R B R2 B R D' B2 D' R' B2 D PASS
62173543232132,5837875,True,11 R B2 D R B2 R B2 D2 R B' D2 PASS
62174351122133,8154022,True,11 R B R2 D2 B R2 B R D' B D' PASS
62174533311212,7360335,True,11 R B D' R2 B' R B D' R2 B2 D2 PASS
62317453112111,5148896,True,11 R B D B2 D B' D' R D' R2 B PASS
62317453312211,8292348,True,11 R D' R2 D' B R2 B D2 R B D2 PASS
62351743112123,9530989,True,11 R2 D R' B R2 D R' B' D' B2 D' PASS
62371453311311,7138668,True,11 R B D' B' D R B' D R2 D' R PASS
62374511322311,5036017,True,11 R B R' B2 D' B D R' D B2 R2 PASS
62374513112321,5928116,True,11 R B' R2 B' R' D' R D2 B D' B2 PASS
62374513312112,4812685,True,11 R B R B2 D R' D B2 D B' D2 PASS
62435172211133,8692106,True,11 R D R' D2 B2 D R B D' R2 B PASS
62435172311132,9317567,True,11 R D B R2 B2 R D R D' B2 D' PASS
62435711222222,5834136,True,11 R B R' D R' B R2 B2 R D R PASS
62453713311122,7354666,True,11 R B' D B2 R' B D B' R B2 R2 PASS
62471532232133,6082556,True,11 R B R B2 R B D2 B' R' B2 D PASS
62475131322323,5868748,True,11 R B R' D B2 R' B2 R' D B' D' PASS
62531472321233,6461073,True,11 R B D' B D R2 D2 B' D' R D2 PASS
62543711211113,6329004,True,11 R B2 D' B' R' D2 B D' R2 D' R2 PASS
62543711311112,5343618,True,11 R B R D2 B' R B' R D' R' B2 PASS
62571432321233,7922818,True,11 R B' D' B2 D B' R2 D B2 D' R2 PASS
62735143223213,7111685,True,11 R B' D2 B' R' B2 R' B D R2 B2 PASS
63125741112323,10736539,True,11 R2 B R' B D R2 B2 D' R2 D B PASS
63125743131233,5716482,True,11 R B R' B D' R B2 R2 B R B PASS
63125743133312,6054177,True,11 R B D2 B D' R' B D' R2 B R' PASS
63142571111111,6557374,True,11 R B R' D' B R2 B R B' R2 B2 PASS
63142571132321,9181861,True,11 R2 B' D2 R B D2 B R2 B D' B2 PASS
63142573112123,8921817,True,11 R2 B' R2 D B R2 B R2 B D' R2 PASS
63172452312323,5308087,True,11 R B R B R D2 R B' R D2 B2 PASS
63172452313211,10876129,True,11 R2 B' R B R' D2 R' D' R' B D2 PASS
63174522332132,5825782,True,11 R B R2 D' R2 D B2 R' D R B' PASS
63247511123132,5447386,True,11 R B D' B D' B' D' R B2 D B' PASS
63251743133231,8270986,True,11 R D R' B2 D R' D R D' B2 D' PASS
63452711311313,6315480,True,11 R B2 D2 R2 B R B' R2 D B' R PASS
63452712333221,5956972,True,11 R B2 R B D' B2 D B D2 B2 R' PASS
63471522123131,6690956,True,11 R B' R' B' R D2 R' D2 R' D R PASS
63471522323132,7351318,True,11 R D2 B' R B' R' B D2 B D B PASS
63471522332132,6006305,True,11 R B' R' D' B R2 B' D2 B' D R PASS
63472512123332,6603002,True,11 R B R B2 R' D B2 R' B2 R B' PASS
63512743313333,8561421,True,11 R B D' B R B2 D2 R' D2 R2 B' PASS
63541271212211,10074867,True,11 R2 B D B' R B R2 B2 D' B' R PASS
63542713121333,9387163,True,11 R B' R B2 R D' R B' R' D2 B2 PASS
63574212123131,5743351,True,11 R B R2 D2 R B' D' R2 D' R D' PASS
63574212313211,9277513,True,11 R D' R B R B2 R D' B' R B' PASS
63712542221111,6202600,True,11 R B R' B D B2 D2 R' B' R D2 PASS
63714252123131,7223812,True,11 R B2 R' B2 R B' R D' B2 D B PASS
63714521112323,6993032,True,11 R B D2 R' D' R' B R' B R' B2 PASS
63714522332132,5318982,True,11 R B R D2 R' D R2 B' R2 B D2 PASS
63721541233322,6050702,True,11 R B D' R2 D' R' D' B D2 R' D PASS
63724153121213,8362822,True,11 R D B R2 D2 B D' R D' R D' PASS
63725141112323,10304971,True,11 R D R2 B' R B R2 D2 B R' D' PASS
63725141233121,7021030,True,11 R B R' B D' B D2 R B' D' B' PASS
63725142123131,9467421,True,11 R D B D2 B2 D B R D' R2 D' PASS
63725142223133,8584884,True,11 R D R' B2 D2 B R B R' D2 B PASS
63725143122113,7885363,True,11 R B2 D' R2 D R2 B' D B2 D2 B' PASS
63725143123313,11086493,True,11 R2 B2 D2 B' D R' D2 B' R D' B2 PASS
63741252222323,6545960,True,11 R B2 D B2 D' R D' R B' R' D PASS
63741522123131,6756014,True,11 R B R D2 R B R2 B' R' D2 B PASS
63742511232221,6714497,True,11 R B R2 D2 B' D B' R' D2 B2 R PASS
63745123122212,5734993,True,11 R B R2 D' B R2 B' D' R2 B2 D PASS
63751242221321,8052947,True,11 R B' D B R' B2 D2 B D' B2 D' PASS
63751423122311,7075008,True,11 R B D' R B' R B' D2 B D2 R' PASS
63752141111111,8557513,True,11 R D R' D B' D R2 D2 R D' R' PASS
63752141122211,7218226,True,11 R B' R2 D R' B' R B R' B D2 PASS
63752141123213,5655985,True,11 R B R' B2 R' D B2 D2 B' D2 R PASS
63752142332132,5227868,True,11 R B R D2 R' D' R2 B D2 B' D2 PASS
63752143123223,5480580,True,11 R B D R2 B2 R' B' R' D R2 D2 PASS
63752143212323,5357470,True,11 R B R B2 R2 B D R' D B' R' PASS
63752143223123,6303940,True,11 R B' R2 B D B2 R2 D2 B D' R' PASS
63752411223212,5498993,True,11 R B R D' B2 D' B D R D2 R2 PASS
63752411333213,9250066,True,11 R2 B2 R' B R D' R2 B2 R B2 R PASS
63752412312323,7166040,True,11 R D B2 R2 D B' R B' R2 B D' PASS
63752412322112,5755636,True,11 R B D B' D2 B' R D R D2 R2 PASS
63752412333113,9230696,True,11 R2 B2 R' D R D' R2 B2 R D2 R PASS
63754213122122,6047367,True,11 R B R' B D' B2 D B D2 R' D PASS
64125371131313,9491111,True,11 R B' D2 B R' D R' B2 R' B R' PASS
64157321133212,12576900,True,11 R2 D R2 B2 D' R' D B' R B2 R PASS
64231572311132,6897462,True,11 R B D R2 B' R' D2 R B R2 B PASS
64257131113223,6135698,True,11 R B D B2 R2 D' B R' B' D2 R2 PASS
64271533221212,6518120,True,11 R B2 D' R2 B D' R' B D' R D' PASS
64275131212223,7367452,True,11 R B D2 R2 B' R' D B' D R2 D PASS
64275131312123,7120852,True,11 R B R' D R' D B2 R D' R' D' PASS
64275132211133,8806562,True,11 R D B' D2 R2 D B R B' R2 D PASS
64275132232133,8525174,True,11 R D R B2 R2 B D R B' D2 B' PASS
64275133231112,8063353,True,11 R B2 D' B2 D R2 B' R D2 R2 D' PASS
64275133312211,6793606,True,11 R B D2 R' B D B2 R2 D R' B' PASS
64275311112332,6495013,True,11 R B2 R2 B R' B2 D R2 D B2 D2 PASS
64275311222222,5628651,True,11 R B R D2 B2 R' B D' B' R2 D2 PASS
64275313312211,6008920,True,11 R B D2 B2 R2 D' B' R B' R D2 PASS
64321572111131,7206162,True,11 R D2 B' R B R D2 R D' B' D PASS
64321572132131,5988168,True,11 R B' R2 B R D2 B2 R B D R2 PASS
64321572311132,6695633,True,11 R B' R2 B D R2 B2 D R B R2 PASS
64325713121222,12000363,True,11 R2 B D' B R' D' R D2 R B R' PASS
64351272132131,6031741,True,11 R B D2 R' D2 R B2 D' B D B' PASS
64357212313211,6870453,True,11 R B D B2 D R2 D B' R2 D2 B' PASS
64357213231322,8338444,True,11 R D2 B R2 B' R B' D R' B' D' PASS
64357213312211,7629197,True,11 R D R' B' D' B2 R2 D' B R' D PASS
64531271212211,9738074,True,11 R2 B R2 B2 D R' D' B D2 R B PASS
64531272132131,5499131,True,11 R B D R2 D' R D2 B' R2 B D2 PASS
64531273122131,5384203,True,11 R B R B' D2 R2 D R' D' R2 D2 PASS
64531273123121,7073693,True,11 R D R B' D B' D R2 D' B2 R' PASS
64531273311311,5887317,True,11 R B R D' R D B2 D2 R' D' R PASS
64531273312211,5485749,True,11 R B R B' R D2 R' D R' D R2 PASS
64572131122223,5978236,True,11 R B R' D2 B D' B' R' D B2 D' PASS
64713253112111,5130070,True,11 R B D R' B2 D' R B' D' R B2 PASS
65123471112311,5796083,True,11 R B R' D' R' D2 B2 R' B R' B PASS
65123471233232,5038590,True,11 R B R' B D R2 D R' D' B' D2 PASS
65123472312311,6024585,True,11 R B2 R B R' D2 R B D2 B2 R' PASS
65132471212112,6256567,True,11 R B D' R D' R' B R2 D' B' R' PASS
65132471222111,6048928,True,11 R B R' B D' B' D B2 R' D' R' PASS
65132471231321,6960258,True,11 R B' D2 R D2 R' B R' D2 R' B PASS
65132471323121,6712428,True,11 R B' D' B D2 B R' B' R D2 R2 PASS
65132472131231,5458974,True,11 R B R B' D2 B' D B R D2 R2 PASS
65132472212231,9035368,True,11 R2 B2 R B R2 B' D2 B D' B' R2 PASS
65132472233321,7148857,True,11 R D B2 R2 D R' B R' B2 R D' PASS
65132473111331,6959552,True,11 R B' R2 B R B2 D' B2 R B R' PASS
65132473313312,5668848,True,11 R B R B2 R B' D B2 D R2 B PASS
65132473323311,5798446,True,11 R B R2 D B2 D B' R D2 R B PASS
65132741223323,5652803,True,11 R B R' D' R B' D B2 R2 D' B' PASS
65132743222331,7097749,True,11 R D B' D' B' R D2 B' R B2 R' PASS
65134721233232,6412227,True,11 R B2 D' R2 D R B2 D2 R' B' R2 PASS
65147321232113,8154031,True,11 R B' D R2 B' R B D' R D2 R2 PASS
65172431132333,6917300,True,11 R B2 R B R2 B D' R' B2 D2 R' PASS
65174232123131,5995406,True,11 R B R2 D2 B R' B D' B2 D B' PASS
65174232133313,5953379,True,11 R B R B' D2 R' B D R B2 R2 PASS
65174232323312,6609024,True,11 R B2 R' B D2 R' B' D' B2 R D PASS
65174233323212,6570459,True,11 R B2 R' D B2 R' B' D' R2 B D PASS
65174233331213,6254222,True,11 R B D R' B2 D' R D R B2 R2 PASS
65174322313211,6406841,True,11 R B R B2 R B2 R B' D2 R2 B' PASS
65174323223123,6314755,True,11 R B2 D' B' D2 B R2 D' R D R2 PASS
65213741111111,6987893,True,11 R B D' R2 D B' R D' R2 D2 B2 PASS
65241371111111,6701820,True,11 R B2 R B' D R D2 B' R D R2 PASS
65243712121322,8927983,True,11 R B2 R D2 R2 D B2 R D2 R2 B2 PASS
65271341332331,6612435,True,11 R B R2 D2 B R' B D' B R' B' PASS
65271432231233,6737027,True,11 R B R B' D R' D R2 D B D PASS
65274131111111,7893399,True,11 R B' R D' B2 D B2 R' D B D PASS
65274131311313,5503122,True,11 R B R D' R B2 R' D2 B R' B PASS
65274131312213,6195732,True,11 R B2 R B' R D R2 B' R D R PASS
65274132123332,5972963,True,11 R B D R' D R' B D2 B' D2 R PASS
65274133132223,5947611,True,11 R B2 R B2 R2 D R B D' R2 D' PASS
65274133232321,5362576,True,11 R B D' R D' B R2 B2 R B' R' PASS
65274133312223,5823368,True,11 R B R D' R2 B R D' R D2 R PASS
65314272311132,5517896,True,11 R B R B' R2 B' D' R B2 R2 D' PASS
65314272313211,9159826,True,11 R D' R B' R' D R2 D B D B' PASS
65321472111122,7072976,True,11 R B D B2 D' B R2 D' R2 D B' PASS
65417321232113,5745805,True,11 R B D R2 B2 D R D2 B2 R' B' PASS
65417323223123,5303187,True,11 R B D2 B' R B' D2 R B2 R' D2 PASS
65417323232123,5750532,True,11 R B D' B2 D B' R B D2 R2 B2 PASS
65423713321322,6435209,True,11 R B R2 D2 B2 D' R D' R B2 R' PASS
65432173232321,6271046,True,11 R B' R2 D' B R B R2 B D' B' PASS
65471231132213,7531199,True,11 R B2 R B R' B R2 D' R B R' PASS
65714323223123,6173102,True,11 R B2 R D' R2 B' R' D' R2 D' R PASS
65723143321313,5750724,True,11 R B R2 B R' B' D B' D2 R B' PASS
65732411333123,12362510,True,11 R2 B D2 R2 B2 D R D' B D' R PASS
65742311212313,5637517,True,11 R B2 R' B2 R' B R2 D B2 D B2 PASS
67132541133311,10007362,True,11 R D' R2 B2 R' B2 D B2 D2 B D' PASS
67145323133312,6310982,True,11 R B2 R2 B D' B2 R B2 R B2 R2 PASS
67154233323332,9359566,True,11 R B D' B R2 B2 D' R D' R' D PASS
67215343333133,7814002,True,11 R B R2 B D2 B' D R' D' B2 R2 PASS
67231541323112,7327146,True,11 R D' B2 R D' B R' B' D' R B2 PASS
67231543323122,7353413,True,11 R D' R2 B D' B D' R' D' R D2 PASS
67234513332122,5770343,True,11 R B R2 B2 D R' D B' D B D2 PASS
67245131313323,5990147,True,11 R B D R2 D' R' D2 B D' B' R' PASS
67245311112311,8899974,True,11 R D R' D B R2 B R2 D2 B D PASS
67245311133233,7197748,True,11 R B D' R' D2 R' D' B2 R D2 R' PASS
67254311131133,9611542,True,11 R2 B D2 B' D2 R D' R2 D B D' PASS
67254313311113,5949906,True,11 R B R' D R2 D' B D' R B D2 PASS
67312452233321,6131902,True,11 R B D2 B' D B2 R' B' R2 B R' PASS
67312541121221,5953064,True,11 R B D R' B2 R' B R2 D R' B PASS
67312542221111,7594377,True,11 R B' R' D2 R B' R2 D R2 D' R2 PASS
67321451111123,5744796,True,11 R B R' B R' D' B2 R2 D' B R PASS
67321451112311,6171260,True,11 R B D' R B2 R' B R' D' B R2 PASS
67321451212211,10004897,True,11 R2 B R' D' R D R' B R2 B' R PASS
67321451311133,6420335,True,11 R B D' B' R D' R B2 D' R' D2 PASS
67321452111122,5969955,True,11 R B R D' R D' B D2 B' D2 R' PASS
67321453113311,6693635,True,11 R B2 R' D' R' D B2 D B2 D' R2 PASS
67321542232133,6347418,True,11 R B D B2 R' B' R2 B D R2 D PASS
67341252222323,6740399,True,11 R B D2 R2 B' R B R' B R2 D PASS
67342512222113,6828361,True,11 R B R' B R B' D2 R D' B R' PASS
67345122223133,8903405,True,11 R D B' R2 D2 R D B R' B2 D PASS
67345122232133,8590165,True,11 R D R D2 R2 D R D B' R2 B' PASS
67345211111123,5732173,True,11 R B R' B R' D' B2 R2 D' B R' PASS
67345211111132,6184766,True,11 R B2 R2 D2 B D' B' D R' D R2 PASS
67345211112233,5962363,True,11 R B2 R2 B' R B D' B2 R2 D' B PASS
67345211113322,5782939,True,11 R B D' B' D R2 D B' D R2 D' PASS
67345211211122,6403181,True,11 R B2 R2 D2 R' D R D2 R2 B2 R' PASS
67345211311133,6311127,True,11 R B2 R B' R2 B' R2 D B2 D' B PASS
67345212111122,5787917,True,11 R B R D' R D' B D2 B' D2 R PASS
67345213111133,6809813,True,11 R B2 D2 R2 B' R D' R D2 B' R PASS
67354121111111,6603229,True,11 R B R B2 R B R2 B R B R' PASS
67354211212121,6500715,True,11 R B R' B2 R D' B2 R D B D2 PASS
67354211313113,9503340,True,11 R2 B2 R' D B D' R2 B2 R B2 R PASS
67354211333111,9466659,True,11 R2 B2 R' B D B' R2 D2 R D2 R PASS
67354212111221,6587519,True,11 R B2 R' B R2 D' B' R' D2 B D PASS
67354212212222,6179147,True,11 R B D R2 D B D B' R2 D' R2 PASS
67354212311132,6246555,True,11 R B D2 R2 B R' B R' D2 R B' PASS
67354213111313,7601510,True,11 R B' D R B2 D' B2 R D R2 D' PASS
67354213131311,7254372,True,11 R B' R D B2 R' D2 B D B2 D' PASS
67354213211132,6173832,True,11 R B2 R' D' R D2 B' D' R' B R2 PASS
67354213313333,6213415,True,11 R B D R2 D B2 D B' R' B R2 PASS
67412353132121,7182056,True,11 R D2 R' B2 R' D B' R2 D2 R' D PASS
67412353332221,5588733,True,11 R B D' B2 R2 B D2 B R2 D R PASS
67412531131133,6840478,True,11 R B D2 B2 R B' R' B D2 R D PASS
67435121332112,5182351,True,11 R B D2 R' D2 R' B D' B2 R2 B PASS
67435123123121,5206929,True,11 R B D2 R' D2 R' D R' D2 B2 D PASS
67452313321232,7360649,True,11 R B2 R D2 R2 B R' B' R B' R PASS
71234563231322,6905362,True,11 R B2 D B' R D B' R2 D2 B D PASS
71263541333222,8752337,True,11 R2 B' R2 D B D2 B R2 B R' B2 PASS
71263542323123,8839048,True,11 R2 B' D2 R B R2 B D2 B R' D2 PASS
71264533131323,8925054,True,11 R B R2 B R2 B' R D2 B' D2 B PASS
71264533221323,8814791,True,11 R B R2 D B' R2 D2 R B' R' D2 PASS
71264533231223,10314431,True,11 R B' D R2 D' R D' R D R' B2 PASS
71264533231313,9394452,True,11 R B D2 B' D2 B D' R2 D' R D2 PASS
71326451211311,5743846,True,11 R B2 R' D' B' R D2 B R' D B' PASS
71326453132121,5616158,True,11 R B2 R' B2 R' B R' B2 D2 B' D PASS
71326543333313,8328870,True,11 R B2 R2 B R2 B2 D2 B R2 B2 D' PASS
71345262132131,6480004,True,11 R D B2 R' D2 R' D B' D2 R2 D PASS
71362453113311,6818269,True,11 R B R' D' R D R' B R2 B' R PASS
71365423331312,7893464,True,11 R B2 R2 D2 B' D2 B' D' B R' B' PASS
71423563213232,6505695,True,11 R B R' D2 R' D R2 B' D2 B R' PASS
71423653213232,6080470,True,11 R B' R' D' R B2 D' B R2 B' D PASS
71426353312211,6477016,True,11 R B2 R D R2 D' R' B2 D B R PASS
71426533333223,7328999,True,11 R B2 R' D B' D B2 D2 R2 B' D' PASS
71432561232323,6519397,True,11 R B' R B2 R' D2 B R' D' B' R PASS
71432561323232,5093251,True,11 R B R D' B2 R B2 R' D B' D PASS
71432562111221,6081488,True,11 R B2 R' D' B' R D2 B' R2 B R2 PASS
71432563232213,6465709,True,11 R B2 D B R2 D2 B D' R B2 R' PASS
71432563323113,5486704,True,11 R B D2 R' B R2 D R' D' B' D PASS
71432563323122,5883964,True,11 R B2 D R B2 D2 R B' D B2 D' PASS
71432563332113,5522086,True,11 R B R2 D' B R2 D B' D' B' R PASS
71435261322233,7594526,True,11 R B2 R' D R' B R' D R' B2 R2 PASS
71435262222122,6885192,True,11 R B R D' B2 R' B R' D R' D' PASS
71435263211123,8043232,True,11 R B2 R B' R B' R B' D' B2 D2 PASS
71435263311122,7524714,True,11 R B2 R B' D B' R D' R' B2 R2 PASS
71435263333133,7667591,True,11 R B2 R2 B' R D2 B' D2 B R2 D' PASS
71435263333223,7740385,True,11 R B2 R2 B' D R2 B' D2 B D2 R' PASS
71435623333331,7539028,True,11 R D2 R2 B2 D' B' D B' R2 B D' PASS
71436253333112,8286275,True,11 R D' B R' B R2 D R' D' B' D2 PASS
71452363213232,5937094,True,11 R B2 D R' B D B' R2 D2 B R PASS
71452632222131,7926499,True,11 R D R' B R' D R' D2 R B2 D' PASS
71453262222221,6341095,True,11 R B2 R' D B D R' D2 B D' B' PASS
71453623311122,8639054,True,11 R D B2 D' B D' R B2 R' D2 R PASS
71456321322323,5994399,True,11 R B2 R D R' B2 D2 R D2 R' B' PASS
71456322111221,6275900,True,11 R B2 R' D' B' R' D2 B D2 B' R2 PASS
71462531113322,7523547,True,11 R D B' R2 D R' D' B' D2 B2 R PASS
71462532111212,6471076,True,11 R B D R' D2 B D' B2 R2 D R' PASS
71462532121112,6684917,True,11 R B2 R B R2 D' B2 R D B R' PASS
71462533111223,8052729,True,11 R D2 B' D R2 D2 R' D R2 B' R2 PASS
71462533221113,6591266,True,11 R B2 D' B D2 B2 D' R D2 B' R2 PASS
71463523331222,6752387,True,11 R B D2 R2 B' R B' D' B2 R2 D PASS
71523463131311,8597568,True,11 R B2 R B' R2 B' D B2 R B' R2 PASS
71523463231313,8894684,True,11 R B2 R2 D' B D' B' D R B' D PASS
71523463331312,8482500,True,11 R B2 R2 D' R B' R' D R B' R PASS
71532463221332,6555553,True,11 R B R D2 R D' R B' D B D PASS
71534262122222,8265008,True,11 R D R D2 B2 R D' R B' R D' PASS
71542633132322,6369133,True,11 R B R2 D' R2 D R2 B' D B R' PASS
71543622111131,5378374,True,11 R B R D2 B2 D' R' B2 R' D2 R PASS
71543623111121,5981251,True,11 R B2 R' B R2 B R2 B2 D' R D' PASS
71546233331213,8222456,True,11 R B D R' B2 R D' R D R' B2 PASS
71546322231212,8529307,True,11 R B R' B R' D B2 D R' D B' PASS
71562433123232,6139531,True,11 R B D B' D2 B' D R2 B R' B PASS
71563243221221,6936466,True,11 R B D' B2 R D' R D R' B2 R' PASS
71625433213133,11061484,True,11 R2 B D B' D B' R B' R B2 D PASS
71643252231212,8394577,True,11 R B D2 B2 R' B R' D' B R B' PASS
71643523331213,8621116,True,11 R B D2 B' D2 B' R D R' B D2 PASS
72134562312212,7805060,True,11 R B2 D' R2 B D' R B' D B' D PASS
72136541322233,5767894,True,11 R B D2 R' D2 B D' R' B D' R2 PASS
72143563222331,5869157,True,11 R B D' R' D R D' B R2 B' D PASS
72143651121113,5857013,True,11 R B R' D' R2 D' B2 D R' B' R' PASS
72143651131112,6233494,True,11 R B D' B' D2 B' D2 B D' B' R' PASS
72143651213111,5669956,True,11 R B R2 B' D B' D R2 B2 D2 B PASS
72143651312111,5574106,True,11 R B R B2 D2 B D B' R2 D2 B PASS
72143652111311,5680828,True,11 R B R D2 B' R D' B' D2 R B' PASS
72143653111211,5653491,True,11 R B R2 B R D' R B D B2 R' PASS
72145631233223,5597753,True,11 R B R' B' D R2 D R' D' B D PASS
72145633232231,5618522,True,11 R B R' D' R D2 R B' D' B D PASS
72145633312223,9032100,True,11 R D2 B R' D B R2 D' R D B2 PASS
72146352232223,6684169,True,11 R B R2 B' R2 B R' D R B' D2 PASS
72163452122222,8307891,True,11 R D R2 B' D B D R2 D2 B' R PASS
72163453121213,6991864,True,11 R B2 R2 D' B D' B' D R2 B' D' PASS
72163453131212,7904732,True,11 R D R2 D2 R' B' D2 R D2 R' D2 PASS
72163453133333,6758231,True,11 R B2 R2 D' R B' R' D R2 B' R' PASS
72163453331333,8319818,True,11 R D R2 D2 R' B' R2 D R2 D' R2 PASS
72164353131113,8129718,True,11 R B2 R D R' B D' B2 D' B R' PASS
72165431113331,5757214,True,11 R B R' B D' R2 B2 D R B R' PASS
72165432111113,5990445,True,11 R B2 R2 B R B' D' B D' B' R PASS
72165432111122,7964406,True,11 R D2 R' B2 R B' R' B D2 R D2 PASS
72165432211112,6540532,True,11 R B2 R' D2 R D' R' D B2 R D2 PASS
72165432323312,5794311,True,11 R B D2 B' R B' R2 D2 B' R' B2 PASS
72165433111112,5628603,True,11 R B R2 B' D B D R' D R' D2 PASS
72165433121333,6214032,True,11 R B2 R2 D2 R D' B2 R B D2 R2 PASS
72165433221233,5928887,True,11 R B2 R' B R' B2 D2 B' R' B2 R' PASS
72165433233323,6403135,True,11 R B' R B R' B2 D R2 D R' D PASS
72165433321223,5511134,True,11 R B R' D2 B2 R B' R' B D' B PASS
72165433331213,6065324,True,11 R B D' B2 R2 D' R D R B2 D2 PASS
72345611111111,7803892,True,11 R B' R2 B' R' D' R D2 B D' B PASS
72345611133113,5390693,True,11 R B R B2 D' R2 D R2 D2 B' D PASS
72345611221223,4912042,True,11 R B R D2 B' R B2 R' D R2 D2 PASS
72345611222222,5321339,True,11 R B R' B2 R' D' B2 D B' D2 B2 PASS
72345611331332,5755554,True,11 R B2 D' B' D B' R D2 B' R B' PASS
72345612122111,6140144,True,11 R B2 D R' B2 D' R B R' D B PASS
72345612331331,4868192,True,11 R B R B' R2 D R' D2 R B2 R2 PASS
72345613221221,5190211,True,11 R B D2 B R2 B' R2 B' D B D2 PASS
72345613333331,6548436,True,11 R B' D' R D' B' R B2 D' B2 D PASS
72356141112323,6277544,True,11 R B R' D2 R B' R B R2 D2 B' PASS
72356141232113,5809856,True,11 R B R' B' D R2 D R D2 R2 B' PASS
72356143211123,5562696,True,11 R B R D2 R2 B2 R' B' D B' D PASS
72361453232333,5585910,True,11 R B R B2 D' R D' B' R2 D B' PASS
72361542333233,10004283,True,11 R2 B D R' D R B2 R2 D' R' B PASS
72365412222212,6124522,True,11 R B R2 B R D2 R' D' R2 B D' PASS
72365413121312,8708779,True,11 R D' R2 B R B2 R' D' B2 D' B' PASS
72365413131212,6365349,True,11 R B R2 D2 R' B' D' B D2 R' D PASS
72365413331333,6493464,True,11 R B2 R D' B D2 B' D2 R D' B' PASS
72435163333313,9190857,True,11 R D' B D' R2 D' B' D' B R2 D PASS
72513641232323,5812637,True,11 R B R2 B' D2 R2 B R' B' R2 B' PASS
72513641233322,6776484,True,11 R B' R2 B R' D B2 R' D2 R D2 PASS
72516342313223,6326755,True,11 R B2 R B R2 B' D' B2 R B R PASS
72531463321232,6935244,True,11 R B' R2 D B2 D' R2 D' B' D B2 PASS
72534163211123,7230425,True,11 R B2 R D B2 D' R' B2 D B D PASS
72541631111213,5927455,True,11 R B D2 B' D B2 D B2 D2 R' B PASS
72541631111312,6590046,True,11 R B' R B R2 D' R D' B D2 B' PASS
72541631112131,6168583,True,11 R B2 R2 D2 B R' B R' D2 R B PASS
72541631113121,6408495,True,11 R B2 D2 R' D B R2 B2 D R B PASS
72541632131111,5663454,True,11 R B R D' R2 D R' B D' B2 R PASS
72541633121111,7025466,True,11 R D R D' R2 D B' D B' D2 R PASS
72543162311111,5408703,True,11 R B R2 B D' B D' B R2 D' R PASS
72543163211111,6013650,True,11 R B2 R' B2 R' D R' B2 D2 B' R PASS
72543611221223,8022781,True,11 R B R D' R2 B2 R' B' R D2 B' PASS
72543611223221,8403195,True,11 R B D' B D' R2 B2 R D B D2 PASS
72543611331332,9482879,True,11 R B' D B R' B R2 D2 B' R B2 PASS
72543611332331,8520047,True,11 R B2 R D B D2 R B' D2 B' R PASS
72543612331331,8064769,True,11 R B R2 B2 R' B R2 D R2 D2 R PASS
72543613132232,10266215,True,11 R D R' D R' B R2 D2 B2 R B' PASS
72543613133222,8296642,True,11 R B R' D B' D R2 B2 D2 R B' PASS
72543613221221,8669119,True,11 R B2 R2 B D2 R' B D2 B2 D' R' PASS
72543613223312,9569667,True,11 R B' R' B2 R D2 R' B D2 B D' PASS
72543613322312,9891958,True,11 R B' D' B2 D B2 D' R D2 R D' PASS
72546311323112,5611427,True,11 R B2 R D R2 D2 R' B R2 D' R' PASS
72546313323212,6260771,True,11 R B2 R' B' R' D' R2 B R2 B' R2 PASS
72561342313223,8420811,True,11 R D' B2 D' B D2 B R2 D R D2 PASS
72561432213122,10029724,True,11 R B' R D2 R2 B' D B' D' B R2 PASS
72561433221233,8907516,True,11 R B D R2 B2 R' D B' D' R2 B PASS
72561433311233,11444972,True,11 R D2 R2 D R' D R' B R' D B2 PASS
72561433321133,9545396,True,11 R B2 R2 B D' R B' D R' D B2 PASS
72561433321223,9431095,True,11 R B2 R2 B' D2 R' D R2 D2 R' D' PASS
72563411111213,5836587,True,11 R B R' D2 R' B2 D R' B' D R' PASS
72563411111312,5731061,True,11 R B R' B2 R' B D B2 R' B R PASS
72563411112131,7874940,True,11 R D2 R' D R D B' D B' R2 D PASS
72563411113121,6257239,True,11 R B2 R' D B R B' D R' B2 D PASS
72563412131111,5680762,True,11 R B R2 B' R D2 R B2 R2 D' B' PASS
72563413121111,5600216,True,11 R B R D' B2 R B' D R' B D2 PASS
72643513212311,5900218,True,11 R B D' B R2 B' R B' D' B D2 PASS
72643513212332,5495243,True,11 R B2 R' B' D' R D2 R D2 R' D2 PASS
73125463133132,6607329,True,11 R B R' B2 D B' R B D' B2 D' PASS
73146522113231,5333727,True,11 R B D B D2 B D B2 D2 R' D' PASS
73246153312211,5686609,True,11 R B D R2 D2 B2 D' R' D B' R PASS
73456123231322,6501289,True,11 R B R D B' D2 B R' B R' B' PASS
73516243323113,5647194,True,11 R B R B2 R2 D' B D' R2 B2 D' PASS
73516243332131,6022459,True,11 R B D B2 R2 D R' D R' B R' PASS
73541262321212,7543488,True,11 R B R B2 R B R B2 D' R B PASS
73542163321133,7594384,True,11 R B2 R2 B D2 B2 R2 B D2 B2 R' PASS
73542613132121,5518025,True,11 R B D R' B2 D2 B R' B' D2 B2 PASS
73542613132322,5621149,True,11 R B R B2 R' D B2 R' B2 R B2 PASS
73564213321322,7313295,True,11 R B2 R B2 D' B' D R' B R' B PASS
73614251112323,7458833,True,11 R B D B2 D B' D' R D' R2 D' PASS
73615241112323,9927711,True,11 R B' R B2 D2 R2 B R' B R' D PASS
73615241113322,8159121,True,11 R B' R D2 B2 R2 D B' R B' R PASS
73615242223133,7938554,True,11 R B2 D' R D R B2 R2 D' B D PASS
73615243123313,7499598,True,11 R B2 R2 B' D R2 B' D2 B R2 D' PASS
73615243213313,7752127,True,11 R B2 R2 B' R B2 D' B2 D B2 R' PASS
73615243331312,7553144,True,11 R B2 R2 B' D B2 R' D2 R B2 D' PASS
73615243332311,7819406,True,11 R B2 R2 B' R D2 B' D2 B D2 R' PASS
73615421113322,5855210,True,11 R B D2 R2 B2 R' D' B' R D2 B' PASS
73615423213211,7770663,True,11 R D2 R' D R B D' R2 B R' B' PASS
73615423333331,6163810,True,11 R B2 R' B D B R' D2 B R' D' PASS
73624513121132,9990801,True,11 R D2 B' D2 R D' B R' B R' D PASS
73624513332131,8990431,True,11 R D2 B' D2 R D' R D' B D' B PASS
73625141112323,7300168,True,11 R B R2 B' R2 D2 B D B' D R2 PASS
73625143121213,6219085,True,11 R B R B2 D2 R D' B R' B D' PASS
73625143333313,6496089,True,11 R B R' B D2 B R2 D' B R' D' PASS
73625412222323,6379012,True,11 R B D2 B2 R B' R2 D B R2 D2 PASS
73642511111111,8370524,True,11 R B2 R' D' R D2 B' D' R D' R2 PASS
73642511113232,7231542,True,11 R B' D' B2 R D R2 D' R' B2 R' PASS
73642511113322,7212654,True,11 R D R' B2 D R' B' R' B2 R2 D PASS
73642513223222,7886594,True,11 R D2 B' D B2 D2 B' R D2 B' D2 PASS
73645121113211,7145864,True,11 R B D2 R' B' D2 B' D' R2 B D PASS
73645122222311,6835270,True,11 R B D B D R' D2 B D2 B R2 PASS
73645211223113,5181582,True,11 R B R D' B2 D B' D2 R D' R PASS
73645211231111,6614355,True,11 R B' D R2 D' R D' B R2 D2 B2 PASS
73645211321111,5180059,True,11 R B R2 B R' B D R2 B' D R' PASS
73645211332112,5392058,True,11 R B D2 R D' R D2 R2 B' R B2 PASS
73645213112231,5592470,True,11 R B D2 R' D R D2 B R B' D' PASS
73645213333112,5937219,True,11 R B2 D B' D B R2 D' B D' R' PASS
73651241113322,6262148,True,11 R B2 R' D2 B2 R' D R D' B2 D PASS
73652413211312,6702650,True,11 R B R' B R' B D' B2 D B2 R' PASS
73652413331321,7526670,True,11 R B2 D B2 D B R2 D' B D' R2 PASS
73654122111122,8316818,True,11 R D' R2 B R2 B' R' D2 B2 R B' PASS
73654122221111,5787811,True,11 R B R2 B R' B R' D' B2 R B' PASS
73654211111132,6863170,True,11 R B R2 B' R2 D2 B D B' D R PASS
74123563323221,5362171,True,11 R B R B' D2 B' R B2 D R' B PASS
74123652322121,8396098,True,11 R B D2 B2 D' R D2 B R2 B2 R' PASS
74123653132232,10739945,True,11 R D2 R2 D B' R B' R B' R B2 PASS
74123653133132,8739118,True,11 R B2 R2 B' R2 D' R D2 R2 D' R' PASS
74123653133222,8657503,True,11 R B2 R2 B R' B R' D B' R B2 PASS
74123653133231,7976080,True,11 R B R D2 B2 D' B R' D' R2 B PASS
74125631313311,5653080,True,11 R B R2 B D2 R2 B R' B' R B2 PASS
74125632121121,5913902,True,11 R B2 R' B D' B R2 D' B' D B' PASS
74125632122111,5476694,True,11 R B R' B2 D2 B' R' D2 R D2 B' PASS
74125632131111,5647295,True,11 R B R D' R2 D R' B D' B2 R' PASS
74125632321332,5490443,True,11 R B R2 D2 R B2 R' D B R2 D' PASS
74125633121111,6913142,True,11 R D R D' R2 D B' D B' D2 R' PASS
74125633131233,5385309,True,11 R B R' D2 R' B' D2 B R' D2 R2 PASS
74125633132232,4904310,True,11 R B R B2 D' R B2 R' D B2 D2 PASS
74125633133222,5188655,True,11 R B D2 B D2 B' D2 B' D R D2 PASS
74125633133312,6896790,True,11 R D R' D2 R' B' R2 B R' D2 R2 PASS
74125633332323,6467457,True,11 R B2 D' B' D2 R B R2 B2 R' D' PASS
74126352333122,7664596,True,11 R D' R B D2 B2 R2 D' R' B R2 PASS
74132561321231,7198989,True,11 R B' D' R2 B D R2 D' R' D2 R' PASS
74132562121121,6687117,True,11 R B2 D B2 D R B D R2 D B' PASS
74132562122111,6260145,True,11 R B D2 R' B' D' B2 R D' B2 D PASS
74132563131221,7726470,True,11 R D2 B' R B2 R2 B' D R2 B' D2 PASS
74132563132112,6300789,True,11 R B2 D' R B2 R2 B' R D2 B' D2 PASS
74136522322121,7852967,True,11 R B R' D B2 R D' R2 D' R B' PASS
74152363132232,7723935,True,11 R B R2 D B D2 B2 R' B' D' B2 PASS
74152363133132,7773695,True,11 R B R2 B' D2 B R' D2 R' D R2 PASS
74152363133222,8780325,True,11 R B' R B2 R' D B' R B D' B2 PASS
74152363133231,7758048,True,11 R B R2 B2 R' B2 D' R' B2 R' B' PASS
74156322122123,5850967,True,11 R B R' B R B2 R D' R2 B R2 PASS
74156322122321,5993944,True,11 R B D R2 B' R2 D B D2 B D' PASS
74156322313223,6011378,True,11 R B2 R B R2 B' D' B2 R B R' PASS
74156323132331,5671914,True,11 R B R' D2 B' D B R D2 R2 D PASS
74156323133123,5855296,True,11 R B D2 R2 B D' R D B' R2 B' PASS
74163251121122,6486236,True,11 R B2 D2 B D2 B D' B D2 B' R PASS
74163252112211,6008925,True,11 R B D2 R' B D' B2 R D R2 D2 PASS
74163252131111,6478323,True,11 R B2 D2 R2 D' B' R B' R2 B D PASS
74163253121111,6433693,True,11 R B' R D R2 B' R' B D2 B' R' PASS
74163253131332,5407099,True,11 R B R' B2 D2 R' D B D B2 R2 PASS
74163253133132,5333458,True,11 R B D' R2 B2 D R' D' B D' B PASS
74163253133213,5774440,True,11 R B2 R2 D2 R B' D2 R B R2 D2 PASS
74163253133231,5505749,True,11 R B2 R' B D' R2 B2 R' D' B2 D' PASS
74163253332323,5892281,True,11 R B D2 B' D B R D' R D' R2 PASS
74165231121212,10241433,True,11 R B D2 B D B' D B' R' B2 R2 PASS
74165231131313,9636097,True,11 R B R' D R' B' R2 B' R' B2 R2 PASS
74165231212121,9751924,True,11 R B R2 B D R' D B' R' B2 R2 PASS
74165231313131,10054742,True,11 R B D2 R B' R2 B' D R' B R2 PASS
74165232111212,10174180,True,11 R B D' B2 R' B R2 B R' B' D2 PASS
74165232121112,9677478,True,11 R B R2 B R D' R B' R' B2 R2 PASS
74165232121211,9799042,True,11 R B R' D2 B' R D2 R D' B' D2 PASS
74165233111313,10587664,True,11 R B2 R2 B' R D' R D' R' D2 R' PASS
74165233131113,9713639,True,11 R B R2 B2 R' D' B2 D' R' B D' PASS
74165233131311,10307700,True,11 R B2 R2 B' R B' R D' R' B2 R' PASS
74165233131323,9764679,True,11 R B R' B D' R' B2 R' D' B2 D2 PASS
74165233132313,10515671,True,11 R B2 R2 B' R' D2 R' D' R D' R PASS
74165233231313,10519508,True,11 R B2 R2 B' R' B2 R' B' D B' R PASS
74213652323132,5594548,True,11 R B R' D B R' D B' D2 B2 R PASS
74251633111313,7677583,True,11 R B R' D R B' R2 B' R2 B R PASS
74256311321222,10686667,True,11 R2 B R2 D2 B' D' R D' R D2 R PASS
74256313111232,12424712,True,11 R2 D R2 B2 D' B' D B' R D2 R PASS
74265312333233,6435647,True,11 R B D2 B' D2 R D' R2 D B D' PASS
74312652333332,6434027,True,11 R B R2 B2 D B' D B' D R B2 PASS
74321563311131,6891647,True,11 R B D2 R' D2 R D2 B' D B D' PASS
74321653233323,7007259,True,11 R D R B' D2 B R' D B' R2 D PASS
74325163131323,7506022,True,11 R B R D' B2 D B' R B D' B2 PASS
74325612221222,6107762,True,11 R B R2 B2 R' D' R2 B D2 B' R2 PASS
74325613121312,7780853,True,11 R B' R' B D2 B2 D R' B' R D2 PASS
74325613131212,6115660,True,11 R B R2 B2 R' D' B2 R D2 R' B2 PASS
74325613133333,6561547,True,11 R B D2 R' D R B R2 B2 D' B PASS
74361253112132,7409047,True,11 R D2 B R' B R B2 D' B R D2 PASS
74361253211231,5412631,True,11 R B R B' D' B D' R' D R2 D PASS
74365211121221,5880365,True,11 R B2 R' B D' R2 B2 R B' D R2 PASS
74365211213111,5537206,True,11 R B R2 B' D B R2 B2 D B' R2 PASS
74365211312111,5463004,True,11 R B R B2 D2 B D B' D2 B' R2 PASS
74365211313113,6050229,True,11 R B2 R' D B D' R2 B2 R B2 R PASS
74365211333111,6026509,True,11 R B2 R' B D B' R2 D2 R D2 R PASS
74365212111311,5578928,True,11 R B R2 B2 D B D' B R2 B R2 PASS
74365212222323,5737097,True,11 R B R' D R' B2 R' D B D R2 PASS
74365212333332,5463759,True,11 R B R2 B D2 B' D2 B D' R' B2 PASS
74365213111211,5842537,True,11 R B D2 B2 R B R' B D2 B R2 PASS
74365213121333,5690014,True,11 R B R2 B' D' B2 D' B R B2 D2 PASS
74512361322233,7434012,True,11 R D R' B' D B2 D B R2 B2 D' PASS
74512362313223,5552815,True,11 R B R B' D2 B' R' B D2 R' D2 PASS
74513263121222,11372586,True,11 R2 B R D' B D' B R' D R2 B PASS
74521632222212,7473871,True,11 R B' D2 R B D2 B' D' B2 D' R' PASS
74521633121213,8388907,True,11 R D2 R' B2 D R B2 R2 B' R' D2 PASS
74521633121312,7719597,True,11 R D R2 B' D' R2 D B R2 B D' PASS
74521633133333,8527531,True,11 R D2 R' D2 B R B2 R2 B' D' R2 PASS
74521633333313,7633086,True,11 R D R2 B' D' B2 D B R2 B R' PASS
74523611121113,5848538,True,11 R B R' D' R2 D' B2 D R' B' R PASS
74523611131112,6054633,True,11 R B D' B' D2 B' D2 B D' B' R PASS
74523611213111,5970349,True,11 R B D2 B2 D B' R D2 R2 D R' PASS
74523611312111,5670972,True,11 R B R2 B2 R D' B D2 B2 D R' PASS
74523612111311,5900636,True,11 R B R' D2 B' D B' R' D2 B R PASS
74523613111211,5655497,True,11 R B R D' B2 D B' R' B D' B2 PASS
74532163123223,6813134,True,11 R B2 R' D R' D B2 D2 R2 B' R' PASS
74561231111222,5955760,True,11 R B D2 B D' R D2 B' R D R' PASS
74561232111113,6046924,True,11 R B2 R D' R D R2 B2 R B D2 PASS
74561232221111,6704167,True,11 R B' R2 B' R D2 B2 R B' D2 R PASS
74561233111112,6534133,True,11 R B2 D' R' B2 D B D2 B2 D' R' PASS
74561233131233,5871879,True,11 R B D' R2 B D B2 D R2 D2 B PASS
74561233233323,6919031,True,11 R D R B' D2 B R' D B' R2 D' PASS
74561233311233,5883940,True,11 R B R' B2 R' D2 R B2 R D R2 PASS
74561233321133,5800119,True,11 R B R2 B D2 B' D2 B' R D R2 PASS
74561233321313,7075998,True,11 R D R' B2 R' B' R2 B D' R2 D2 PASS
74563211232332,5852497,True,11 R B D2 R B2 D' B' D' B2 D' B' PASS
74653213133222,6892143,True,11 R B D' R2 B D' R D B' R2 B' PASS
75132463233233,6817190,True,11 R B R2 D2 B' R D' R' B2 D2 R PASS
75143263231313,8275196,True,11 R B2 R2 D2 B' D2 B' R' B R' B' PASS
75146321323331,7517413,True,11 R B2 D2 B' R D' R2 B' R B' R2 PASS
75213642223133,6512517,True,11 R B D2 B' R B' R D2 R' B2 R PASS
75231463211123,9442538,True,11 R D B2 D' R B' D B2 D' R2 D PASS
75234161322233,5831970,True,11 R B D R' B2 D B2 D' B R' D' PASS
75234162221111,7703578,True,11 R D B2 D' B' D2 R B' R B R' PASS
75236143213232,5464116,True,11 R B R' B R2 B' D R B R' B' PASS
75241632222323,6681686,True,11 R B D2 B2 R B' R2 D B D2 R2 PASS
75243162211322,11425685,True,11 R2 B2 R B2 R2 B R2 D' R2 D2 B PASS
75243611113232,6018323,True,11 R B2 R B' R2 D R B D2 R' B2 PASS
75243613213232,5260478,True,11 R B D2 B' D' B2 R B' D R D' PASS
75246131333312,7406431,True,11 R B' R' B D2 R' B R' D' B2 D' PASS
75246311111111,13917486,True,11 R2 D R' D B D2 R' D R B2 R' PASS
75246313212311,6210239,True,11 R B D' R D2 B' D' B D' R2 D2 PASS
75246313312211,6039455,True,11 R B2 R D R2 D' R' B2 D B R' PASS
75246313332332,6043667,True,11 R B2 R2 D R' D B' R2 B R2 D2 PASS
75261432123233,6874415,True,11 R B' R2 D B2 D' R' B2 D2 R B' PASS
75264132121232,7140645,True,11 R B2 R' D R' B' R D B2 D B2 PASS
75264132223331,5596175,True,11 R B R B D2 R' B R' B' R2 B2 PASS
75264132321212,7509126,True,11 R B' R B' R2 B D2 R D' R2 D PASS
75264133121333,6040022,True,11 R B R D2 R B D' R B2 D B2 PASS
75264133331213,6123665,True,11 R B R2 D2 B D' B R B' R2 B' PASS
75264311223122,6560890,True,11 R B2 R2 B R2 B D2 R' D B2 D2 PASS
75264313231112,7522777,True,11 R B2 D2 R' D' B R' B2 D2 R D PASS
75312463333133,7737027,True,11 R B R2 B' D2 B' D B R' B R2 PASS
75314621133221,4893685,True,11 R B R B' R' D' B R D' R B2 PASS
75314621313212,10676151,True,11 R' B D B' D2 B R' B R B2 D2 PASS
75314623113122,5501723,True,11 R B2 R' D2 R' D B2 R B2 R D2 PASS
75316241231231,7745984,True,11 R D R B' R B' R D2 R D R PASS
75321461311112,5982834,True,11 R B2 D' B R D R2 D R' D' B' PASS
75321463132121,5422825,True,11 R B2 R' B D2 B D2 B2 R' D R' PASS
75346122133133,6905977,True,11 R B R' D' R B R' D2 B2 D B2 PASS
75346211133122,5743888,True,11 R B2 R B2 D2 R' D B' D2 R2 B2 PASS
75346211211311,7296283,True,11 R D B' R D' B D2 B2 D R' D' PASS
75346211311211,5410691,True,11 R B R2 B D' R' B R' B' D2 B PASS
75346212323333,6913181,True,11 R B' R2 B R B2 D2 R2 B R' D' PASS
75346213112132,5188010,True,11 R B R' B2 R D R' B D' R D2 PASS
75346213132121,5417875,True,11 R B D R' B2 D2 B R' B D2 B2 PASS
75346213132322,5459104,True,11 R B R B2 R' D' B2 R D2 R' B2 PASS
75346213332122,5804634,True,11 R B2 R2 B' D R' D2 B R' B' R2 PASS
75412631223332,4999140,True,11 R B R D2 B R' D R2 D R' B2 PASS
75416323232213,6695434,True,11 R B R2 B' D2 B D' B R B' D2 PASS
75431263133213,7655140,True,11 R D2 R2 B2 D' R' D B' R2 B R' PASS
75462132123212,10147604,True,11 R B' R D2 R2 B' D B' D' B R PASS
75613243131332,7740421,True,11 R D2 R' B R B R' D2 B R' B' PASS
75613243133213,6295961,True,11 R B2 R' B R D R' D2 B D' R' PASS
75634123323122,6045740,True,11 R B D2 B' D2 B R' B R B' R2 PASS
75641323232111,5704489,True,11 R B2 R' D2 R' B R2 D B2 D R2 PASS
75642132213311,5509463,True,11 R B R' B R' D' B2 R' D2 R' D2 PASS
76123453233323,5883202,True,11 R B D R' B2 D R' B R' B R2 PASS
76125343333133,7837848,True,11 R B2 R B2 D' B' R B' D R' B PASS
76143252131312,6503418,True,11 R B D2 B2 D R B D' R2 D' B PASS
76143252221222,6612084,True,11 R B2 R B' R B2 R' D2 B D' R' PASS
76143253131212,6695623,True,11 R B2 R D' R B2 R' D2 B D' B' PASS
76143253331333,6201666,True,11 R B R' D2 B R2 B' D R' D2 R' PASS
76143253333313,8696046,True,11 R D' R2 B R D2 R' D' R2 D' B' PASS
76145231121113,5492394,True,11 R B R2 B2 R' D B2 R' D' B2 R PASS
76145231122112,9523090,True,11 R2 B2 R' B D2 R' B' D' B2 R D PASS
76145231131112,5935066,True,11 R B D2 B2 D' B D2 R' B' D2 R PASS
76145231221112,9506283,True,11 R2 B2 R' D B2 R' B' D' R2 B D PASS
76145231311331,5357151,True,11 R B R' B D' R2 D' R B R D2 PASS
76145232123332,5736052,True,11 R B R2 B R2 B' D2 B R' D' B2 PASS
76145232233213,7094359,True,11 R B' R2 B D' B2 R D B D' R PASS
76145232331313,5520642,True,11 R B R2 B' R' D2 R' B D B2 R2 PASS
76145232332213,7341107,True,11 R B' D2 B D' R2 B D R B' R PASS
76145233133213,5865168,True,11 R B D2 B' D' B2 D' R D B2 R2 PASS
76145233232333,5572528,True,11 R B R2 B2 D R D' B D2 B D2 PASS
76154323333112,6861261,True,11 R B2 D2 R' B' R D' B2 R2 D R PASS
76213543213133,7069291,True,11 R B2 D R2 D B R2 D' B R' D2 PASS
76213543311332,6630964,True,11 R B D' B R' B R' D2 R B2 D' PASS
76215341231231,6387433,True,11 R B R D' R B2 D' R2 D B R2 PASS
76215433333133,7549336,True,11 R B R' D2 B D' B R B' R2 B' PASS
76231451123111,6021012,True,11 R B2 D' B R' D' R D2 R D B' PASS
76245311121131,5842107,True,11 R B D' B D2 B' R D R2 B2 D2 PASS
76245311131121,5268230,True,11 R B R' B D' R B2 R2 B R' D' PASS
76245311213312,5571298,True,11 R B D' R' D R2 D B' R B2 R' PASS
76245312132131,5690457,True,11 R B2 R2 B' R2 B R D' B2 R D' PASS
76245313122122,5536144,True,11 R B D B' R2 D R B' D B2 D PASS
76245313123121,5579083,True,11 R B2 R D2 R2 B R D R' D2 R' PASS
76253141123132,5157650,True,11 R B D R' B2 R D' B R D2 B2 PASS
76253141211332,5060442,True,11 R B R' B D B D' R2 B D B' PASS
76253413322312,7001826,True,11 R B2 R D2 R2 D B2 R D2 R2 B PASS
76254133311323,11154612,True,11 R2 B D2 R2 B' R' D B' D R2 D PASS
76254313211111,9935770,True,11 R2 B D2 B2 R2 D' B' R B' R D2 PASS
76312452212111,10288817,True,11 R2 B D' B' D R B' D R2 D' R PASS
76312453211111,6016753,True,11 R B R' B R2 B' D B' D' B R2 PASS
76312453311311,6612554,True,11 R B2 R' B' R' D R2 D R2 D' R2 PASS
76312542321212,6454388,True,11 R B D B' R2 D B' D2 R2 B R' PASS
76312542322121,6072027,True,11 R B2 D B2 D R' D B2 D B R PASS
76312543322222,8031409,True,11 R D2 B' R D2 R2 D' R D2 B' R2 PASS
76315241112113,6336191,True,11 R B' R D2 R' D R' B R2 D2 B2 PASS
76315241113112,5434936,True,11 R B D2 B D' R B R2 D' B R' PASS
76315241223113,5297234,True,11 R B R2 D R' B R2 B2 D' R B2 PASS
76315241322122,5606970,True,11 R B D2 R' B2 R D B2 D' R2 D PASS
76315241323313,5907912,True,11 R B2 D B' R D R2 B' D B' R' PASS
76315241332112,5411293,True,11 R B D B' D2 B R' B2 D B' R PASS
76315243211231,5141768,True,11 R B R2 B R2 D B D' R B' R' PASS
76315243323323,6176513,True,11 R B2 D R' D B R2 D' B R' D' PASS
76321452122123,8877610,True,11 R B D R' B2 D2 B D B R' B2 PASS
76321452122321,9066499,True,11 R B2 R B D B2 R B' R2 B' D PASS
76321452122333,8861886,True,11 R B R2 B2 R' B D2 R D2 R2 D PASS
76321452123323,10285714,True,11 R B' D R B2 R B' D2 R2 B R' PASS
76321452212231,8596016,True,11 R B R2 D2 B2 R B D' R D' B' PASS
76321452213122,9016418,True,11 R B D B' D2 R2 D R B R' B2 PASS
76321453233131,9437418,True,11 R B2 R2 B R2 D' B R2 B2 R' D' PASS
76321453311233,10764462,True,11 R D R' B R' B R2 D2 B2 R B' PASS
76321453313312,10127133,True,11 R B' R' D2 R B2 R' D R2 D R' PASS
76321453321133,8986156,True,11 R B R' D' R B D2 B2 R2 B R' PASS
76321453323311,10328344,True,11 R B' D' R2 D B2 D' B D2 B R' PASS
76321542211112,8531365,True,11 R D B D' R B' D B2 D' B2 R' PASS
76321543211111,5729212,True,11 R B R D' B2 R2 B D' B' R2 B2 PASS
76321543311131,6328975,True,11 R B D B2 D' B R2 D' R2 D B2 PASS
76324151112233,5880084,True,11 R B D B' D2 R B2 R' D R' D' PASS
76324151112323,7085687,True,11 R B2 R B D' R2 B2 D R2 D' B' PASS
76324153323122,5822711,True,11 R B2 R' B' D' R' D2 B R2 B' D2 PASS
76325411111213,6071521,True,11 R B2 R2 B D' R D B' R B R PASS
76325411111312,7494093,True,11 R D2 R2 B' R' D B' D2 B D' B2 PASS
76325411112131,5543206,True,11 R B R2 B' R D B D' B R' B2 PASS
76325411113121,6079979,True,11 R B2 R2 B D B' D' B R' B' R PASS
76325411122121,6007998,True,11 R B2 R' B2 R B' D' B D2 R B2 PASS
76325411331311,6478631,True,11 R B' D R' B2 D B R2 D' R D' PASS
76325412112121,7546521,True,11 R D2 R' B2 R D' B' D B2 R B2 PASS
76325412231212,6476380,True,11 R B2 D2 B D B2 D B R2 B' R PASS
76325412333233,6442689,True,11 R B2 D2 B R2 B D' R B2 R' B PASS
76325413222223,5972303,True,11 R B2 R2 D R B2 R D' B' D2 R PASS
76341251111213,5920470,True,11 R B D' R D R B' R2 B R' B2 PASS
76341251111312,7385642,True,11 R D B' R D R D' B2 D R' B2 PASS
76341251112131,6517779,True,11 R B2 D' B' R2 D B D2 B2 D' R' PASS
76341251113121,5978066,True,11 R B2 R B' R D R2 B2 R D B2 PASS
76341251221121,6273042,True,11 R B' R2 B' D B2 R2 D B' D2 R PASS
76341251311313,6004528,True,11 R B2 R B2 R2 D' R D R' B2 R PASS
76341252232313,5857071,True,11 R B D B' R B2 R' B2 D B' D PASS
76341252323333,6422849,True,11 R B2 R' D B' D R2 B' R' B D' PASS
76341253221212,6614790,True,11 R B' R' B D' R' B D2 R' B2 R PASS
76341253233131,5325330,True,11 R B R2 B R2 B' D2 B' D B R2 PASS
76342511111231,5029878,True,11 R B R B' D2 R B2 R' D R' D PASS
76342511111321,6460849,True,11 R B' D B2 D' B2 R B' D' R' D PASS
76342511323112,5316840,True,11 R B D2 R' B R' B D R B' R2 PASS
76342512232223,6360403,True,11 R B2 D R D2 B2 R D' R D2 R' PASS
76342513213112,7743371,True,11 R2 B R B2 D R' D B2 D B' D2 PASS
76342513322111,8058343,True,11 R2 B R' B2 D' B D R' D B2 R2 PASS
76342513323122,5627744,True,11 R B2 R' B' D' R D2 B' D2 B D2 PASS
76342513323212,6056350,True,11 R B2 R' B' R' D R2 B' D2 B R2 PASS
76345122211112,8274688,True,11 R D B D' R B' D B2 D' B2 R PASS
76345122211121,6632405,True,11 R B2 R2 B' R' D B2 R' D B D2 PASS
76345122213311,5547527,True,11 R B R' B R' D' B2 R' D2 R' D' PASS
76345122311111,6695374,True,11 R B2 D2 R2 D R D B' R D' R2 PASS
76345123211111,5647212,True,11 R B R D' B2 R2 B D' B R2 B2 PASS
76345123311113,6522998,True,11 R B2 R2 B' R D' R2 B R' B' D2 PASS
76345123311131,6222810,True,11 R B D B2 D' B' R2 D B2 D' B2 PASS
76345123312211,5317032,True,11 R B R B' R B' D' B2 R2 D' R PASS
76351421112323,7647129,True,11 R B' R2 B D' R B2 D' B2 D R2 PASS
76351421113322,5705363,True,11 R B R2 B' R2 D2 B D' B' D2 B' PASS
76351423321232,6018402,True,11 R B R2 B' D' B2 R B' R D R' PASS
76354121121212,7039708,True,11 R B2 R' B R2 B D R' B' D B2 PASS
76354121122121,5913992,True,11 R B R B2 D' R2 B D R2 D R' PASS
76354121311313,6031384,True,11 R B R D2 B' R B D' B D' R' PASS
76354121313131,6636306,True,11 R B D R B D' R' B D2 R' D PASS
76354122111212,7716900,True,11 R B' R D' R2 D R2 B D' R2 D PASS
76354122112121,6426345,True,11 R B D' R B R2 B R' D2 B D2 PASS
76354122212222,6131823,True,11 R B R2 D2 B R' B R B' D2 B' PASS
76354123211123,6567314,True,11 R B2 R D B2 D' R' B2 D B D' PASS
76354123211132,5714145,True,11 R B R' D R2 B' D' B R' D2 R2 PASS
76354123313333,6702851,True,11 R B2 R2 D B' D B' R2 B D2 R2 PASS
76354212213323,6093100,True,11 R B D2 B D R2 B D2 B D2 B PASS
76354212312233,6265006,True,11 R B2 R D' R D R2 B' R B R PASS
76354212313322,6676285,True,11 R B' R B2 D' B' D B' R2 B D' PASS
76354212333332,6142455,True,11 R B2 R' B R' D2 B2 R' B' R2 D' PASS
76354213222223,6024932,True,11 R B2 R D2 R2 B D R D' R2 D' PASS
76354213312223,5648868,True,11 R B R B' R2 D B D' R B2 R PASS
76421351131121,4882121,True,11 R B R B' D2 B' R' B' R D2 B' PASS
76512343213313,9822738,True,11 R D2 B' R2 D R' B R' B D' B PASS
76512343332311,9796240,True,11 R D2 B' R2 D R' D R' B D' R PASS
76514321112323,6505717,True,11 R B D B2 D B' D' R D' R2 D2 PASS
76514321232113,6013799,True,11 R B D' R' D R2 D B' R B2 R2 PASS
76521433232333,5821461,True,11 R B R' B2 D' B R' D' R2 B D PASS
76523413223231,6167455,True,11 R B2 D R' D R D2 B' R B R2 PASS
76524313331222,7631452,True,11 R B2 R D2 R2 D B2 R' D2 R2 B PASS
76541232131213,10043475,True,11 R D' B2 D' R B D R2 D2 R B PASS
76541232221222,6170919,True,11 R B R2 B2 R' D' R2 B D2 B' D2 PASS
76541233121213,6366608,True,11 R B R2 D' R D B R2 B2 D' B PASS
76541233331333,6856343,True,11 R B D2 B2 D' B' R2 D B2 D' B2 PASS
76541233333313,7763545,True,11 R B' D' R D2 R2 D R' B' D R2 PASS
76543211111111,13077339,True,11 R2 D' R B R B2 R D' B' R B' PASS
76543211212112,6736714,True,11 R B' D B2 R B2 R' B D' B2 D2 PASS
76543211223221,5483143,True,11 R B2 R' D R' B2 D2 B' D' B2 D' PASS
76543211332331,5474529,True,11 R B2 R' B D2 R' D' B' D R' D' PASS
76543211333333,6040898,True,11 R B2 D' R B D' B D' B2 D' B PASS
76543212132323,6013742,True,11 R B D' R D' B2 R2 D R B D' PASS
76543212222221,5780895,True,11 R B2 R2 D2 R D' R2 B R B2 D2 PASS
76543212323213,5931995,True,11 R B D2 R' B R' D2 B D B2 D2 PASS
76543213113131,5976135,True,11 R B2 R2 D B R2 B D' B' R2 D PASS
